2,"<p>一根水管，第一次用去全长的<img data-formula=""$$50\% $$%"" style=""max-width: 100%;"" >，第二次用去余下的<img data-formula=""$$50\% $$%"" style=""max-width: 100%;"" >，这根水管（&nbsp; ）。</p><p></p>"
3,"<p>因为<img data-formula=""$${2\over 5} =40\%$$%""  font-base=""14"">，所以<img data-formula=""$${2\over 5}m$$%""  font-base=""14"">就是<img data-formula=""$$40\% m$$%""  font-base=""14"">。</p>"
5,"<p>有100g盐水，盐与水的质量比是<img data-formula=""$$1: 9$$%"" style=""max-width: 100%;"" >，再加入50g水，这时盐水的含盐率是<img data-formula=""$$6.25\% $$%"" style=""max-width: 100%;"" >。</p>"
7,"<p>有两根同样长的钢材，第一根用去<img data-formula=""$${2\over 5}$$%""  font-base=""14"">米，第二根用去<img data-formula=""$${2\over 5}$$%""  font-base=""14"" style=""white-space: normal;"">，剩下的部分比较（ ）。</p>"
8,"<p><img data-formula=""$$8\times {4\over 15}$$%""  font-base=""undefined"">既可以表示8个<img data-formula=""$${4\over 15}$$%""  font-base=""undefined"">，也可以表示8的<img data-formula=""$${4\over 15}$$%""  font-base=""undefined"">是多少。</p>"
10,"<p><span>5千克的</span><img data-formula=""$${1\over 6}$$%""  font-base=""undefined"" style=""white-space: normal;""><span>和1千克的</span><img data-formula=""$${5\over 6}$$%""  font-base=""undefined"" style=""white-space: normal;""><span>同样重。</span></p>"
11,"<p>一根电线长<img data-formula=""$$20m$$%""  font-base=""14"" style=""white-space: normal;"">,用去<img data-formula=""$${1\over 5}$$%""  font-base=""undefined"">，接上<img data-formula=""$${1\over 5} m$$%""  font-base=""14"">，这条电线仍是<img data-formula=""$$20m$$%""  font-base=""14"">。</p>"
12,"<p><span>把一根木料锯成2段需要</span><img data-formula=""$${2\over7}$$%""  font-base=""undefined"" style=""white-space: normal;""><span>分钟，如果锯成6段，需要</span><img data-formula=""$${12\over7}$$%""  font-base=""undefined"" style=""white-space: normal;""><span>分钟。</span></p>"
13,"<p><span><img data-formula=""$$4.5$$%""  font-base=""undefined"">&nbsp;乘一个小数</span>，积一定小于<img data-formula=""$$4.5$$%""  font-base=""undefined"">。</p><p></p>"
14,"<p>下面三个算式的积，（&nbsp; ）在<img data-formula=""$${1\over 4}$$%""  font-base=""undefined"">和<img data-formula=""$${2\over 3}$$%""  font-base=""undefined"">之间。</p>"
15,"<p>两根同样长的电线，都用去一部分后，第一根剩下它的<img data-formula=""$${5\over 8}$$%""  font-base=""undefined"">，第二根剩下<img data-formula=""$${5\over 8}$$%""  font-base=""undefined"" style=""white-space: normal;"">米，那么两根电线用去的部分相比较，（ ）。</p>"
16,"<p><img data-formula=""$$28.6\times 101-28.6=28.6\times(101-1)$$%""  font-base=""undefined"">应用了乘法分配律。</p>"
17,"<p><span>一个数(<img data-formula=""$$0$$%""  font-base=""undefined"">除外)</span>乘<img data-formula=""$$0.01$$%""  font-base=""undefined"">，等于把这个数缩小到原数的百分之一。</p>"
18,"<p>六（1）班有女生20人，男生人数比女生人数多<img data-formula=""$${1\over 5}$$%"" font-base=""undefined"" style=""max-width: 100%;"" >，六（1）班全班有多少人？正确的列式是（ ）。</p>"
19,"<p><span>一个三位小数保留两位小数后得<img data-formula=""$$6.48$$%""  font-base=""undefined"">，这个三位小数最小是<img data-formula=""$$6.484$$%""  font-base=""undefined""></span>。</p><p></p>"
20,"<p>甲数的<img data-formula=""$${7\over 8}$$%""  font-base=""undefined"">等于乙数的<img data-formula=""$${3\over 4}$$%""  font-base=""undefined"">（甲、乙两数均不为0），甲、乙两数相比较，甲数（ ）乙数。</p>"
21,<p>计算小数乘法时，积的小数点一定要和因数的小数点对齐。</p>
22,"<p>把一个小数保留一位小数后得到的近似数是<img data-formula=""$$6.7$$%""  font-base=""undefined"">。下面的数中,（ ）不可能是这个小数的准确值。</p><p></p>"
23,<p>除以一个数（0除外），就等于乘这个数的倒数。</p>
24,"<p>如果<img data-formula=""$$a\div b={5\over 7}$$%"" font-base=""undefined""  style=""max-width: 100%;"">，那么<img data-formula=""$$a=5$$%"" font-base=""14""  style=""max-width: 100%;"">，<img data-formula=""$$b=7$$%"" font-base=""14""  style=""max-width: 100%;"">。</p>"
27,"<p>天天超市一种苹果的价格是每千克&nbsp;<img data-formula=""$$7.98$$%""  font-base=""undefined""> 元，妈妈买了&nbsp;<img data-formula=""$$2.7$$%""  font-base=""undefined""> 千克，应付（ ）元。</p><p></p>"
28,"<p><img data-formula=""$$a$$%""  font-base=""14"">是一个大于0的数，如果<img data-formula=""$${2\over 3}\div a>{2\over 3}\times a$$%""  font-base=""undefined"">，那么<img data-formula=""$$a>1$$%""  font-base=""14"">。</p>"
29,"<p>不计算，判断下列计算，正确的是（ ）。</p>"
30,"<p><img data-formula=""$$a、b$$%""  font-base=""undefined"">&nbsp;均不为 <img data-formula=""$$0$$%""  font-base=""undefined"">, 如果&nbsp;<img data-formula=""$$a\times b>a$$%""  font-base=""undefined"">，那么&nbsp;<img data-formula=""$$b$$%""  font-base=""undefined""> 一定（ ）。</p>"
31,"<p>一辆公共汽车到A站下去车里人数的<img data-formula=""$${1\over 5}$$%""  font-base=""14"">，到B站又上来车里人数的<img data-formula=""$${1\over 5}$$%""  font-base=""14"" style=""white-space: normal;"">，这时车里的人数（&nbsp; ）。</p>"
32,"<p><img data-formula=""$${15\over 16}\div {3\over 4}= {15\over 16}\times {4\over 3}={5\over 4}$$%""  font-base=""undefined""></p>"
33,"<p>一段路，第一天行了全程的<img data-formula=""$${1\over 4}$$%"" font-base=""undefined""  style=""max-width: 100%;"">，第二天行了余下的<img data-formula=""$${2\over 5}$$%"" font-base=""undefined""  style=""max-width: 100%;"">，两天共行了全程的（ ）。</p>"
34,"<p>将一根钢管锯成2段需要<img data-formula=""$${4\over 5}$$%""  font-base=""undefined"">分钟，如果锯成5段，需要（ ）分钟。</p>"
35,"<p>若&nbsp;<img data-formula=""$$a$$%"" font-base=""undefined""  style=""max-width: 100%;"">&nbsp;是一个非零的自然数，则&nbsp;<img data-formula=""$${1\over 8}\div a=8\times {1\over a}$$%"" font-base=""14""  style=""max-width: 100%;"">。</p>"
37,"<p>果园里有梨树420棵，<u>&nbsp; &nbsp; &nbsp; &nbsp; &nbsp; &nbsp; &nbsp; &nbsp;</u> ，苹果树有多少棵？列式为：<img data-formula=""$$420\times （1+{1\over 6}）$$%""  font-base=""undefined"">，横线上应补充的条件是（ ）。</p>"
38,"<p>有两根同样长的钢材，第一根用去<img data-formula=""$${3\over 5}$$%""  font-base=""undefined"">米，第二根用去<img data-formula=""$${3\over 5}$$%""  font-base=""undefined"">，剩下的部分比较，（ ）。</p>"
39,"<p><img data-formula=""$$0.8t$$%""  font-base=""14"">分数表示为<img data-formula=""$${4\over 5}$$%""  font-base=""14"">&nbsp;<img data-formula=""$$t$$%""  font-base=""14"">，用百分数表示为<img data-formula=""$$80\% $$%""  font-base=""14"">&nbsp;<img data-formula=""$$t$$%""  font-base=""14"" style=""white-space: normal;"">。</p>"
40,"<p>如果大圆和小圆的半径比是<img data-formula=""$$5: 1$$%""  font-base=""undefined"" style=""white-space: normal;"">，那么面积和周长的比都是<img data-formula=""$$25: 1$$%""  font-base=""undefined"">。</p>"
41,"<p><span>抄一份稿件，甲单独抄要 4&nbsp;小时抄完，乙</span>单独抄要 5&nbsp;小时抄完。如果两人合抄，几小时可以抄完？正确的算式是（ ）。</p><p></p>"
42,"<p>一本书原价52元，如果降价了<img data-formula=""$$10\% $$%"" style=""max-width: 100%;"" >，现价比原价便宜了5.2元。</p>"
43,"<p>如果女生人数比男生人数少<img data-formula=""$${1\over 4}$$%""  font-base=""undefined"">，则男生人数就比女生人数多<img data-formula=""$$25\% $$%""  font-base=""undefined"">。</p>"
44,"<p>在下面的比中，与<img data-formula=""$${3\over 4}: 2$$%""  font-base=""undefined"">比值相同的比是（ ）。</p>"
45,"<p><span>修一条&nbsp;<img data-formula=""$$330$$%"" style=""max-width: 100%;"" > 米长的引水渠，甲队单独修</span>要&nbsp;<img data-formula=""$$5$$%"" style=""max-width: 100%;"" > 天完成，乙队单独修要&nbsp;<img data-formula=""$$6$$%"" style=""max-width: 100%;"" >&nbsp;天完成。现在由甲、乙两队合修，几天可以完成？正确的算式是（ ）。</p><p></p>"
47,"<p>如果&nbsp;<img data-formula=""$$a\div b=3$$%"" style=""max-width: 100%;"" >,那么&nbsp;<img data-formula=""$$b$$%"" style=""max-width: 100%;"" >&nbsp;就是&nbsp;<img data-formula=""$$a$$%"" style=""max-width: 100%;"" >&nbsp;的&nbsp;<img data-formula=""$${1\over 3}$$%"" style=""max-width: 100%;"" >。</p>"
48,"<p>有三杯盐水，盐和水的比如下，（ ）杯盐水最咸。</p>"
50,"<p>一种商品，先提价<img data-formula=""$$20\% $$%"" style=""max-width: 100%;"" >后，又降价<img data-formula=""$$20\%$$%"" style=""max-width: 100%;"" >，现价是原价的（ ）。</p>"
51,"<p>如果&nbsp;<img data-formula=""$$m\div n={5\over 8}$$%""  font-base=""undefined"">，那么&nbsp;<img data-formula=""$$m=5$$%""  font-base=""undefined"">,<img data-formula=""$$n=8$$%""  font-base=""undefined"">。</p>"
52,<p>一个圆的半径的长短，决定了这个圆的大小。</p>
53,"<p><img data-formula=""$${4\over 5}\div ({4\over 5} +{1\over 4} )={4\over 5}\div {4\over 5}+{4\over 5}\div {1\over 4}$$%""  font-base=""undefined""></p>"
54,<p>一个圆的周长与半径的比的比值是一定的。</p>
56,<p><span></span>圆的任意一条直径所在的直线都是这个圆的对称轴。</p>
57,"<p>甲数的&nbsp;<img data-formula=""$${2\over 3}$$%""  font-base=""undefined"">&nbsp;是&nbsp;<img data-formula=""$$18$$%""  font-base=""undefined"">，乙数是&nbsp;<img data-formula=""$$18$$%""  font-base=""undefined"">&nbsp;的&nbsp;<img data-formula=""$${2\over 3}$$%""  font-base=""undefined"">，则甲数（ ）乙数。</p>"
58,"<p>由两个大小不同的圆组成的图形中，最多能有（&nbsp; ）对称轴。</p>"
59,"<p>依依家买来一桶油，用去&nbsp;<img data-formula=""$${2\over 5} kg$$%"" style=""max-width: 100%;"" >后,还剩下整桶油的&nbsp;<img data-formula=""$${2\over 5}$$%"" style=""max-width: 100%;"" >, 这桶油原有（&nbsp; ）<img data-formula=""$$kg$$%"" style=""max-width: 100%;"" >。</p>"
60,"<p>一个圆的周长是<img data-formula=""$$12.56cm$$%""  font-base=""14"">，那么它的面积是（&nbsp; ）。</p>"
61,"<p>半圆的半径是5cm，半圆的周长是（ ）。</p>"
62,"<p><span>甲数的&nbsp;<img data-formula=""$${2\over 3}$$%"" style=""max-width: 100%;"" >&nbsp;和乙数的&nbsp;<img data-formula=""$${3\over 4}$$%"" style=""max-width: 100%;"" >&nbsp;相等（甲数、乙数都</span>不为 <img data-formula=""$$0$$%"" style=""max-width: 100%;"" >），那么甲数（ ）乙数。</p><p></p>"
63,"<p>一个圆的周长是<img data-formula=""$$62.8dm$$%""  font-base=""14"">，如果它的半径减少<img data-formula=""$$2dm$$%""  font-base=""14"">，它的面积就减少（）<img data-formula=""$$dm^2$$%""  font-base=""undefined"">。</p><p></p>"
65,<p>比值只能用分数表示。</p>
66,"<p>小圆和大圆直径的比是<img data-formula=""$$4: 5$$%"" font-base=""undefined""  style=""max-width: 100%;"">，那么大圆的面积比小圆面积多（&nbsp; ）。</p>"
67,"<p><img data-formula=""$$5:6$$%""  font-base=""undefined"">&nbsp;可以写成 <img data-formula=""$${5\over 6}$$%""  font-base=""undefined"">, 读作六分之五。</p>"
68,"<p>2小时和40分钟的比是 4。</p>"
69,"<p><img data-formula=""$$2$$%""  font-base=""undefined"">&nbsp;千克：<img data-formula=""$$5$$%""  font-base=""undefined""> 千克的比值是&nbsp;<img data-formula=""$${2\over 5}$$%""  font-base=""undefined"">&nbsp;千克。</p>"
70,"<p><span>最简单的整数比就是比的前项和后项都</span>是整数，并且这两个数只有公因数 <img data-formula=""$$1$$%""  font-base=""undefined"">。</p><p></p>"
71,"<p><span>黄霏霏的身高是</span><img data-formula=""$$1m$$%""  font-base=""14"">，她爸爸的身高是<img data-formula=""$$175cm$$%""  font-base=""14"">，黄霏霏与她爸爸身高的比是&nbsp;<img data-formula=""$$1:75$$%""  font-base=""undefined"">。</p><p></p>"
72,"<p><span>&nbsp;如果甲数是乙数的<img data-formula=""$${3\over 4}$$%""  font-base=""undefined"">，那么甲数和乙数的比是&nbsp;<img data-formula=""$$3:4$$%""  font-base=""undefined""></span>。</p><p></p>"
73,"<p>甲数和乙数的比是 <img data-formula=""$$4: 5$$%""  font-base=""14"">，乙数和丙数的比是 <img data-formula=""$$5:7$$%""  font-base=""undefined"" style=""white-space: normal;"">。甲数和丙数的比是 <img data-formula=""$$4: 7$$%""  font-base=""14"">。</p>"
74,"<p>加工99个零件，全部合格，这批零件的合格率是<img data-formula=""$$99\% $$%""  font-base=""undefined"">。</p>"
75,"<p><span>有一个两位数，十位上的数字和个位上</span>的数字的比是 <img data-formula=""$$4:1$$%""  font-base=""undefined"">。个位上的数字加上 <img data-formula=""$$6$$%""  font-base=""undefined"">，就和十位上的数字相等。这个两位数是 <img data-formula=""$$82$$%""  font-base=""undefined"">。</p><p></p>"
76,"<p>1米的<img data-formula=""$${75\over 100}$$%"" style=""max-width: 100%;"" >是<img data-formula=""$$75\% $$%"" style=""max-width: 100%;"" >米。</p>"
77,"<p>甲数比乙数少<img data-formula=""$$25\% $$%""  font-base=""undefined"">，甲数与乙数的比是<img data-formula=""$$3: 4$$%""  font-base=""undefined"">。</p>"
78,"<p>甲比乙多<img data-formula=""$$30\% $$%""  font-base=""undefined"">，乙比甲就少<img data-formula=""$$30\% $$%""  font-base=""undefined"">。</p>"
79,"<p>巴西里约奥运会乒乓球男单决赛，马龙&nbsp;<img data-formula=""$$4:0$$%""  font-base=""undefined""> 战胜张继科夺得奥运金牌。这里的&nbsp;<img data-formula=""$$4:0$$%""  font-base=""undefined""> 说明比的后项可以是 0。</p>"
80,"<p>龙一鸣与壮壮的年龄比是 <img data-formula=""$$4:3$$%""  font-base=""undefined"">, 壮壮与淘淘的年龄比是 <img data-formula=""$$6:7$$%""  font-base=""undefined"">, 龙一鸣与淘淘相比，淘淘的年龄大。</p>"
81,"<p>甲数与甲乙之和的比是<img data-formula=""$$3: 8$$%"" font-base=""undefined""  style=""max-width: 100%;"">，甲数比乙数少（ ）。</p>"
82,"<p>将20g盐溶入80g水中，盐水的含盐率是（&nbsp; ）。</p>"
83,"<p>50米短跑，甲需要15秒，乙需要12秒。甲的速度比乙的速度慢（&nbsp; ）<img data-formula=""$$\% $$%"" style=""max-width: 100%;"" >。</p><p></p>"
84,"<p>25kg增加<img data-formula=""$$20\% $$%"" style=""max-width: 100%;"" >后，再减少<img data-formula=""$$20\%$$%"" style=""max-width: 100%;"" >，结果是（&nbsp; ）。</p><p><br></p><p></p>"
85,<p>a除以b（0除外），等于a乘b的倒数。</p>
87,"<p>已知<img data-formula=""$$a$$%""  font-base=""14"">、<img data-formula=""$$b$$%""  font-base=""14"">都是整数，<img data-formula=""$$a\times {6\over 7} =b\div {6\over 7}$$%""  font-base=""undefined"">，则<img data-formula=""$$b>a$$%""  font-base=""14"">。</p>"
88,"<p>一根2m长的绳子，截去<img data-formula=""$${1\over 4}$$%""  font-base=""undefined"">后，再接上余下的<img data-formula=""$${1\over 4}$$%""  font-base=""undefined"">，这时绳子仍长2m。</p>"
89,"<p>等腰直角三角形的顶角与一个底角的度数比是<img data-formula=""$$2: 1$$%""  font-base=""undefined"">。</p>"
90,"<p>如果甲数是甲、乙两数和的<img data-formula=""$${4\over 11}$$%""  font-base=""undefined"">，那么甲数是乙数的（&nbsp; ）。</p>"
91,"<p>甲、乙两根毛线同样长，如果甲剪掉<img data-formula=""$${1\over 4}$$%""  font-base=""undefined"">，乙剪掉<img data-formula=""$${1\over 4} m$$%""  font-base=""undefined"">后，两根毛线剩余部分比较，（&nbsp; ）。</p><p><br></p><p></p>"
92,"<p>一段路，甲用8分钟可以走完，乙用6分钟可以走完，甲、乙二人速度的最简整数比是（&nbsp; ）。</p>"
93,"<p>公元前1700年的古埃及纸草书中记载着一个数学问题：“它的全部加上它的七分之一，其和等于19”，此问题中“它”的值为（&nbsp; ）。</p>"
94,"<p>某商品在实体店的价格是每件50元，比淘宝上的价格贵了10元，贵了（&nbsp; ）。</p>"
95,"<p>一件商品原来在甲、乙两商店的售价相同。甲商店先提价<img data-formula=""$$10\% $$%"" style=""max-width: 100%;"" >，再降价<img data-formula=""$$10\% $$%"" style=""max-width: 100%;"" >；乙商店先降价<img data-formula=""$$10\%$$%"" style=""max-width: 100%;"" >，再提价<img data-formula=""$$10\%$$%"" style=""max-width: 100%;"" >。现在甲商店和乙商店的售价相比，结果是（&nbsp; ）。</p><p><br></p>"
96,"<p>一台电脑，如果按定价降低<img data-formula=""$$10\% $$%"" style=""max-width: 100%;"" >出售，仍可盈利200元；如果按定价降低<img data-formula=""$$20\% $$%"" style=""max-width: 100%;"" >出售，则亏损220元。这台电脑的定价是（&nbsp; ）元。</p><p><br></p><p></p>"
97,"<p>用10g糖、90g水混合成糖水，这种糖水的含糖率是（&nbsp; ）。</p>"
98,"<p>下面百分率可能大于<img data-formula=""$$100\% $$%"" style=""max-width: 100%;"" >的是（&nbsp; ）。</p><p><br></p><p></p>"
99,"<p>一根水管，第一次用去全长的<img data-formula=""$$50\% $$%"" style=""max-width: 100%;"" >，第二次用去余下的<img data-formula=""$$50\% $$%"" style=""max-width: 100%;"" >，这根水管（&nbsp; ）。</p><p><br></p><p></p>"
100,"<p>因为<img data-formula=""$${3\over 5} =60\%$$%""  font-base=""14"">，所以<img data-formula=""$${3\over 5}$$%""  font-base=""14""><img data-formula=""$$m$$%""  font-base=""undefined"">就是<img data-formula=""$$60\% m$$%""  font-base=""14"">。</p>"
101,"<p>一个数乘<img data-formula=""$$120\% $$%""  font-base=""undefined"">，积一定大于这个数。</p>"
102,"<p>甲、乙两数均不为0，如果甲数的<img data-formula=""$$50\% $$%""  font-base=""undefined"">等于乙数的<img data-formula=""$$25\% $$%""  font-base=""undefined"">，那么甲数&lt;乙数。</p>"
103,"<p>有100g盐水，盐与水的质量比是<img data-formula=""$$1: 9$$%"" style=""max-width: 100%;"" >，再加入60g水，这时盐水的含盐率是<img data-formula=""$$6. 25\% $$%"" style=""max-width: 100%;"" >。</p>"
106,<p><b></b>假分数的倒数都小于1。</p>
107,"<p><img data-formula=""$$1\div a=b$$%""  font-base=""undefined"">，<img data-formula=""$$a$$%""  font-base=""14"">和<img data-formula=""$$b$$%""  font-base=""14"">一定互为倒数<img data-formula=""$$（a\not= 0）$$%""  font-base=""14"">。</p>"
108,"<p>（&nbsp; ）的两个数互为倒数。</p><p><br></p>"
109,"<p>因为<img data-formula=""$${3\over 8} \times {8\over 3} =1$$%""  font-base=""undefined"">，所以（ ）。</p>"
111,"<p><img data-formula=""$${9\over 16} \div {5\over 4} ={9\over 16} \times {4\over 5} ={9\over 20}$$%""  font-base=""14""></p>"
112,"<p>抄一份稿件，甲单独抄要4小时抄完，乙单独抄要5小时抄完。如果两人合抄，几小时可以抄完？正确的算式是（&nbsp; ）。</p>"
113,"<p>修一条330米长的引水渠，甲队单独修要5天完成，乙队单独修要6天完成。现在由甲、乙两队合修，几天可以完成？正确的算式是（&nbsp; ）。</p>"
115,"<p>如果<img data-formula=""$$a\div b=3$$%""  font-base=""undefined"">，那么<img data-formula=""$$b$$%""  font-base=""14"">就是<img data-formula=""$$a$$%""  font-base=""14"">的<img data-formula=""$${1\over 3}$$%""  font-base=""undefined"">。</p>"
116,"<p>甲数比乙数多<img data-formula=""$${1\over 4}$$%""  font-base=""undefined"">，乙数比甲数少<img data-formula=""$${1\over 5}$$%""  font-base=""undefined"">。</p>"
117,"<p>如果<img data-formula=""$$m\div n={5\over 8}$$%"" font-base=""undefined""  style=""max-width: 100%;"">，那么<img data-formula=""$$m=5$$%"" font-base=""undefined""  style=""max-width: 100%;"">，<img data-formula=""$$n=8$$%"" font-base=""undefined""  style=""max-width: 100%;"">。</p>"
118,"<p><img data-formula=""$${4\over 5} \div （{4\over 5} +{1\over 4} ）={4\over 5} \div {4\over 5} +{4\over 5} \div {1\over 4}$$%""  font-base=""undefined""></p>"
119,"<p>甲数的<img data-formula=""$${2\over 3}$$%""  font-base=""undefined"">是18，乙数是18的<img data-formula=""$${2\over 3}$$%""  font-base=""undefined"">，那么甲数（ ）乙数。</p>"
120,"<p>依依家买来一桶油，用去<img data-formula=""$${4\over 5} kg$$%""  font-base=""undefined"">后，还剩下整桶油的<img data-formula=""$${4\over 5}$$%""  font-base=""undefined"">，这桶油原有（&nbsp; ）<img data-formula=""$$kg$$%""  font-base=""14"">。</p>"
121,"<p>甲数的<img data-formula=""$${2\over 3}$$%""  font-base=""undefined"">和乙数的<img data-formula=""$${3\over 4}$$%""  font-base=""undefined"">相等（甲数、乙数都不为0），那么甲数（ ）乙数。</p>"
124,"<p><img data-formula=""$$3: 4$$%""  font-base=""14"">可以写成<img data-formula=""$${3\over 4}$$%""  font-base=""14"">，读作四分之三。</p>"
125,<p>2小时和30分钟的比是2。</p>
126,"<p><img data-formula=""$$2千克: 5千克$$%""  font-base=""undefined"">的比值是2.5千克。</p>"
127,<p>最简单的整数比就是比的前项和后项都是整数，并且这两个数只有公因数1。</p>
128,"<p>黄霏霏的身高是1m，她爸爸的身高是175cm，黄霏霏与她爸爸身高的比是<img data-formula=""$$1: 175$$%""  font-base=""undefined"">。</p><p></p>"
129,"<p>甲数和乙数的比是<img data-formula=""$$5: 6$$%""  font-base=""undefined"">，乙数和丙数的比是<img data-formula=""$$8: 7$$%""  font-base=""undefined"">。甲数和丙数的比是<img data-formula=""$$5: 7$$%""  font-base=""undefined"">。</p>"
130,"<p>如果甲数是乙数的<img data-formula=""$${1\over 4}$$%""  font-base=""14"">，那么甲数和乙数的比是<img data-formula=""$$1: 4$$%""  font-base=""14"">。</p>"
131,"<p>有一个两位数，十位上的数字和个位上的数字的比是<img data-formula=""$$4: 1$$%""  font-base=""undefined"">。个位上的数字加上6，就和十位上的数字相等。这个两位数是82。</p>"
132,"<p>如果<img data-formula=""$$a: b=5: 9$$%""  font-base=""undefined"">，那么<img data-formula=""$$a=5$$%""  font-base=""undefined"">，<img data-formula=""$$b=9$$%""  font-base=""undefined"">。</p>"
133,"<p>今年妈妈与淘淘的年龄比是<img data-formula=""$$8: 1$$%""  font-base=""undefined"">，两年后他们的年龄比不变。</p>"
134,"<p>如果把<img data-formula=""$$3: 7$$%""  font-base=""undefined"">的前项加上9，要使它的比值不变，后项应该（&nbsp; ）。</p>"
136,"<p>下面说法错误的是（&nbsp; ）。</p>"
137,"<p>为防止雾霾，在一个活动场所的50人中有一部分人戴上口罩，下面的比中，戴口罩的人数和没戴口罩的人数的比不可能是（ ）。</p>"
138,"<p>用35根1米长的栅栏靠墙围成一块长方形菜地，长和宽的比是<img data-formula=""$$3: 2$$%"" font-base=""undefined""  style=""max-width: 100%;"">，这块长方形菜地的面积是（&nbsp; ）平方米。</p><p></p>"
139,<p>十万十万地数，从0数到二百万，数两次就行。</p>
141,<p>读48000600这个数时，5个0只读3个零。</p>
142,<p>万位、十万位、百万位、千万位是万级的四个计数单位。</p>
143,<p>一个数的近似数是120000，这个数一定是123600。</p>
144,"<p>与最大的五位数相邻的数是（&nbsp; ）。</p><p></p>"
145,"<p>下列画线部分的数中，属于准确数的是（ ）。</p>"
146,"<p>由3个5、2个0组成一个五位数，如果两个0都读出来，这个数是（ ）。</p>"
147,"<p>在一则报道中，有一个数据为“约70万”，如果这个数据是一个整数，最大可能是（ ）。</p>"
148,"<p>颐和园坐落在北京西郊，距城区15千米，占地约290（&nbsp; ）。</p>"
150,"<p>面积是1公顷的长方形鱼塘，它的长是（&nbsp; ）。</p>"
151,"<p>下面的面积单位按从大到小的顺序排列正确的是（&nbsp; ）。</p><p>a.平方米 b.平方千米 c.公顷 d.平方厘米 e.平方分米</p>"
152,"<p>一块菜地长130米，宽80米。占地约1（&nbsp; ）。</p>"
153,<p>100块面积是1公顷的土地合起来的总面积是1平方千米。</p>
154,<p>小华家真大呀！四室两厅，约有2公顷。</p>
155,<p>香港特别行政区的总面积大约是1100公顷。</p><p></p>
156,<p>边长是800米的正方形果园，它的占地面积是64公顷。</p>
157,<p>天安门广场的面积大约是44公顷，1平方千米比2个天安门广场还要大一些。</p>
158,"<p>小明画了一条5厘米长的（ ）。</p><p></p>"
159,"<p>已知每盒糖果的价格和总价，求买的盒数，要用“<img data-formula=""$$总价\div 单价=数量$$%""  font-base=""undefined"">”来计算。</p>"
160,<p>如果两个因数的末尾没有0，那么它们积的末尾也一定没有0。</p><p></p>
161,<p>计算350×4，可先35×4，再在得数末尾添上一个0。</p><p></p>
163,"<p><img data-formula=""$$20\times 40=800$$%""  font-base=""undefined"">，如果两个因数都乘2，积就变成了1600。</p>"
164,"<p>四（1）班图书角要购买6本《西游记》，要求需要的总钱数，还需要知道的条件是（ ）。</p><p></p>"
165,"<p>与<img data-formula=""$$260\times 30$$%""  font-base=""undefined"">的积相等的是（&nbsp; ）。</p>"
166,"<p><img data-formula=""$$512\times 29$$%""  font-base=""undefined"">的积最接近（&nbsp; ）。</p>"
167,"<p>用竖式计算下面第（ ）个算式的过程中，“<img data-formula=""$$2\times 5$$%""  style=""max-width: 100%;"">”表示的意思是<img data-formula=""$$200\times 50$$%""  style=""max-width: 100%;"">。</p>"
169,<p>画出的角的两边越短，角的度数越小。</p><p></p>
170,<p>中国约有13亿人，这个数是准确数。</p>
171,<p>在一道乘法算式里，两个因数都乘3，积就乘6。</p><p></p>
172,<p>一辆汽车5小时行300千米，求这辆汽车每小时行多少千米。这是求路程的问题。</p>
173,"<p>下面说法错误的是（&nbsp; ）。</p>"
174,"<p>用4、5、6和5个0共八个数字组成一个八位数，这个数中所有的0都不读出来而且最小，这个数是（&nbsp; ）。</p><p><br></p><p></p>"
176,<p>一个梯形有无数条高。</p>
180,"<p>把一张长方形纸向同一方向对折两次，展开后三条折痕（&nbsp; ）。</p><p><br></p><p></p>"
181,<p>两位数除三位数，商一定是两位数。</p>
182,<p>一个除法算式的被除数、除数都乘以5后，商是20，那么原来的商是4。</p>
183,<p>一个除法算式的被除数、除数都乘以6后，商是30，那么原来的商是5。</p>
185,<p>两数相除商是30，如果除数除以2，被除数不变，商是60。</p>
186,"<p>除法算式<img data-formula=""$$240\div 15$$%""  font-base=""undefined"">中，如果240乘3，除数不变，那么商就会（&nbsp; ）。</p><p><br></p><p></p>"
187,"<p><img data-formula=""$$7400\div 800$$%""  style=""max-width: 100%;"">的余数是（ ）。</p>"
188,"<p>有三辆自行车同时去打气站打气，已知一辆车打满前胎和后胎的气都分别要2分钟，且同一辆车的两个轮胎不能同时打气，现在打气站只有两个打气筒，三辆车要打满前胎和后胎的气，时间最短的安排是（&nbsp; ）。</p>"
189,"<p>一只平底锅，每次只能放2张饼，如果一张饼两面都烙，每面需4分钟，那么烙7张饼至少需多少分钟？正确列式是（&nbsp; ）。</p>"
190,"<p>李老师需要用15分钟的时间把文件下载到电脑中，用1分钟时间洗杯子，5分钟时间烧水，8分钟时间收拾书桌，文件下载完成后打印文件需要1分钟，他合理安排上面的事情，至少要用（&nbsp; ）分钟。</p>"
191,<p>个（一）、十、百、千……十亿、百亿、千亿都是计数单位。</p>
192,<p>读万级或亿级的数时，只按照个级的数的读法来读就可以了。</p>
193,<p>最大的八位数与最小的九位数之间相差1。</p>
194,<p>世界上最大的金字塔——埃及胡夫金字塔由<u>230多万</u>块石块砌成，这个数不是准确数。</p>
195,<p>用9、1、7和三个0这六个数字组成的只读出一个零的最大六位数是971000。</p>
196,"<p>一个数四舍五入到万位约是25万，这个数最大是（ ）。</p><p></p>"
197,"<p>下面各数，只读一个零的数是（ ）。</p><p></p>"
198,"<p>把3003000，3030000，3000300，3030030这4个数按从大到小的顺序排列，正确的是（&nbsp; ）。</p><p><br></p>"
199,"<p>下面各数中，近似数是20亿的是（&nbsp; ）。</p>"
200,<p>三位数乘两位数，积可能是三位数。</p>
201,"<p>已知<img data-formula=""$$24\times 75=1800$$%""  font-base=""undefined"">，则<img data-formula=""$$（24\div 4）×（75×4）=1800$$%""  font-base=""undefined"">。</p>"
202,<p>已知4台相同复读机的总价，可以求单价。</p>
203,<p>两个因数的末尾都有一个0，那么积的末尾至少有两个0。</p>
205,"<p>下列说法错误的是（ ）。</p>"
207,"<p>在<img data-formula=""$$625\div 25$$%""  font-base=""undefined"">中，如果被除数变成125，要使商不变，除数应变成（&nbsp; ）。</p><p></p>"
208,"<p>两个数相除商是15，如果被除数不变，除数乘5，商就变成（ ）。</p>"
209,"<p>在计算<img data-formula=""$$140\div 35$$%""  font-base=""undefined"">时，下面的计算方法错误的是（ ）。</p><p></p>"
210,"<p>下面说法正确的是（ ）。</p>"
211,"<p>下列说法不正确的是（ ）。</p>"
212,"<p>用一个放大100倍的放大镜看一个<img data-formula=""$$60\degree$$%""  font-base=""undefined"">的角，看到的角的度数是（ ）。</p>"
213,"<p>两条平行线之间的距离是5厘米，在这两条平行线之间作一条垂线段，这条垂线段的长度是（&nbsp; ）厘米。</p>"
214,"<p>一列火车，每节车厢可以运煤60吨，有500吨煤，至少需要（ ）节车厢。</p>"
215,"<p>橙汁每箱36元，一箱内有24瓶，买15箱需要多少钱？正确列式为（ ）。</p><p></p>"
216,"<p>一台织布机5小时织布1250米，照这样计算，8台织布机1小时织布多少米？正确列式是（ ）。</p>"
217,"<p>淘淘房间的地面是长方形。装修时沿着长正好铺了12块地砖，沿着宽正好铺了10块地砖，每块正方形地砖的边长是4分米，淘淘房间地面的面积是（ ）平方分米。</p><p></p>"
218,"<p>周末妈妈在家要做以下几项工作：整理房间需6分钟，给洗衣机加水并放衣物3分钟，洗衣机自动洗涤20分钟，晾晒衣物3分钟，拖地8分钟，洗拖把1分钟。想一想，合理安排做这些事情最少需（ ）分钟。</p>"
219,"<p>如果1平方米能铺4块地砖，1公顷能铺（ ）块地砖。</p><p></p>"
220,<p>面积是1公顷的一块地，一定是边长为100米的正方形土地。</p><p></p>
221,"<p><img data-formula=""$$20040000300=2000000000+400000+300$$%""  style=""max-width: 100%;""></p>"
222,"<p><img data-formula=""$$4580\div 240=19……2$$%""  font-base=""undefined""></p>"
223,"<p>下面说法正确的是（&nbsp; ）。</p>"
224,"<p>下面进率是100的两个面积单位是（ ）。</p>"
226,"<p>下面哪个问题可以用<img data-formula=""$$12\div 3$$%""  style=""max-width: 100%;"">来解决？</p>"
227,"<p>烤面包的架子上最多能放2个面包，面包两面都要烤，烤1个面包的一面需要3分钟，烤9个面包至少需要（&nbsp; ）分钟。</p>"
228,"<p>下面的说法不正确的是（&nbsp; ）。</p>"
229,"<p>在算式<img data-formula=""$$225\div 15$$%""  font-base=""undefined"">中，被除数不变，除数除以5，它的商应（&nbsp; ）。</p>"
230,"<p>下列动物中，奔跑速度最快的是（&nbsp; ）。</p><p><br></p><p></p>"
231,<p>长方形、正方形和梯形都是特殊的平行四边形。</p>
232,<p>一条直线的垂线有无数条。</p><p></p>
233,<p>在除法算式中，商与除数的积不一定等于被除数。</p><p></p>
234,<p>平行四边形相对应的底和高互相垂直。</p><p></p>
235,<p>平行四边形底和高互相垂直。</p><p></p>
236,"<p>一个四边形的两组对边分别平行，这个四边形不可能是（ ）。</p>"
237,"<p><img data-formula=""$$92\div 3=30……2$$%""  font-base=""undefined"">，如果被除数和除数同时扩大到原来的10倍，那么余数是（&nbsp; ）。</p>"
238,"<p>一个长方形的宽是7米，面积是91平方米，如果要使面积扩大到273平方米，长不变，宽应是（ ）米。</p><p></p>"
239,<p>两条平行线长都是8cm。</p>
240,<p>两个数的商是6，如果被除数不变，除数乘5，商就变成30。</p><p></p>
241,<p>200个50平方米的教室面积是1公顷。</p>
242,<p>“<span>田忌赛马</span>”这个故事中只要齐王的上等马不对阵田忌的下等马，齐王就一定能获胜。</p>
243,<p>在数位顺序表中，两个计数单位之间的进率都是10。</p>
246,<p>万位的左边一位是千位，右边一位是十万位。</p><p></p>
247,<p>在60600600这个数中，最左边的“6”表示6个千万，中间的“6”表示6个十万，最右边的“6”表示6个百。</p>
248,"<p>下面的数中，（ ）读作四千零二十万五千零八十八。</p><p></p>"
249,"<p>下面的七位数中，一个零也不读出来的是（&nbsp; ）。</p><p></p>"
250,"<p>下面的数中，只读一个零的是（ ）。</p>"
251,"<p>在写四千零三万零七百时，要写出（ ）个0。</p><p></p>"
252,"<p>四千零六万的正确写法是（ ）。</p><p></p>"
253,"<p>由3个十万和3个百组成的数写作（ ）。</p>"
254,"<p>把2571708“四舍五入”到万位，要把（ ）上的数四舍五入。</p>"
255,<p>在数位顺序表中，十万位的左边是百万位。</p>
256,<p>计数单位万和百万之间的进率是10。</p>
257,<p>个级包括个位、十位、百位、千位、万位。</p><p></p>
259,<p>一个七位数，它的最高位是百万位；一个十二位数，它的最高位是百亿位。</p>
260,"<p>把35070800000四舍五入到亿位，求近似数是看（ ）位上的数进行取舍。</p>"
261,"<p>把7839043200四舍五入到亿位的近似数是（ ）。</p><p></p>"
262,"<p>把894273900四舍五入到亿位的近似数是（ ）。</p><p></p>"
264,<p>相邻两个计数单位间的进率都是十。</p>
266,"<p>最接近321万的数是（&nbsp; ）。</p><p><br></p><p></p>"
267,"<p>由8个千万、6个十万和2个千组成的数是（ ）。</p><p></p>"
268,<p>用“四舍五入”法得到的近似数比原数大。</p>
269,<p>千位的计数单位是千，亿位的计数单位是亿位。</p>
270,<p>“9999”中各个数位中的“9”表示的意义相同。</p>
271,<p>所有的九位数都比八位数大。</p>
272,"<p>最大的七位数和最小的七位数相差（&nbsp; ）。</p>"
273,"<p>下面各数中，只读一个零的是（ ）。</p>"
274,"<p>在854550，805455，845505，804550四个数中，最小的是（ ）。</p>"
275,"<p>黄霏霏一家去年在淘宝网上购物的总费用达到了五位数，这个购物的费用至少是（ ）。</p><p><br></p><p></p>"
276,<p>50公顷=5平方千米</p>
277,<p>台湾日月潭的占地面积约9平方千米，合900000平方米。</p>
278,<p>面积单位公顷和平方千米之间的进率是100。</p>
280,<p>龙一鸣画了一条长2cm的直线。</p>
281,<p>射线比直线短。</p>
283,<p>角的两条边越长，这个角越大。</p>
284,<p>线段、直线都是无限长的。</p>
286,<p>平角其实就是一条直线，周角只有一条边。</p>
288,"<p>钝角一定大于<img data-formula=""$$90\degree$$%""  font-base=""14"">。</p>"
290,<p>1000个边长是10米的正方形土地面积是1公顷。</p>
291,<p>角的两条边是直线。</p>
293,"<p>用一副三角尺可以画出<img src=""http://gallery.fbcontent.cn/latex?decode=false&amp;latex=%24%24135%5Cdegree%24%24%25"">的角。</p>"
294,"<p>一块长方形菜地的面积是15公顷。它的宽是100米，长是（ ）米。</p><p></p>"
295,"<p>一副三角尺中，一个最大的角与一个最小的角拼在一起组成一个（ ）。</p>"
296,"<p>用20倍的放大镜看<img data-formula=""$$5\degree$$%""  font-base=""undefined"" style=""white-space: normal;"">的角，结果看到的角是（&nbsp; ）。</p><p></p>"
298,<p>人造卫星6秒约行48千米，它的平均速度为8千米/分。</p>
299,<p>“一盒笔有5支，共30元，求每支多少钱？”这道题求的是总价。</p>
300,"<p>时间=路程<img data-formula=""$$\div $$%""  font-base=""14"">速度。</p>"
302,<p>三位数乘两位数，积都是四位数。</p>
303,"<p>速度=路程<img data-formula=""$$\div $$%""  font-base=""14"">时间。</p>"
305,<p>苹苹骑自行车的速度是250米/分，她1小时行15000米。</p>
306,"<p><img data-formula=""$$40\times 30$$%""  style=""max-width: 100%;"">与下面（&nbsp; ）的结果相同。</p>"
307,"<p>在计算<img data-formula=""$$437\times 25$$%""  font-base=""undefined"">的时候，<img data-formula=""$$4\times 5$$%""  font-base=""undefined"">表示（ ）。</p>"
308,"<p>两个因数相乘，一个因数除以6，另一个因数不变，那么积（ ）。</p>"
309,"<p>两个数相乘的积是35，如果一个因数乘10，另一个因数除以10，那么积是（ ）。</p><p></p>"
310,"<p>学校要购买8台同样的电脑，要求需要的总钱数，还需要知道的条件是（ ）。</p>"
311,<p>和80万相邻的两个数是81万和79万。</p>
312,<p>角的两边无限延长，角的大小不变。</p><p></p>
313,<p>读数时读几个零，写数时就写几个零。</p><p></p>
314,<p>最小的自然数是1，没有最大的自然数。</p>
315,<p>天坛公园，占地约2730000公顷，是中国现存最大的古代祭祀性建筑群。</p>
317,"<p>龙一鸣每分钟走65米，壮壮的步行速度是70米/分，淘淘的步行速度是5千米/时。这三个人中，（ ）的速度快。</p><p></p>"
318,"<p>下面各数中，最接近60万的数是（&nbsp; ）。</p><p><br></p><p></p>"
321,<p>长方形的两条邻边互相平行。</p>
324,"<p>晚上9时，钟面上的时针和分针（ ）。</p>"
326,"<p>笑笑在同一平面内画了两条直线，都和同一条直线垂直，这两条直线（ ）。</p>"
329,"<p>下面说法中，（ ）不符合平行四边形的特征。</p><p></p>"
332,<p>等腰梯形的两腰一定相等。</p>
333,<p>完全一样的两个梯形可以拼出一个平行四边形。</p>
335,"<p>平行四边形有（ ）对边分别平行。</p>"
338,"<p>四边形的内角和都是（ ）度。</p><p></p>"
339,<p>平行四边形的一个角是钝角，那么和这个角相对的角一定是锐角。</p>
340,<p>在梯形中，每一组对边的长都一定不相等。</p>
341,<p>平行四边形有无数条高，并且所有的高都相等。</p>
347,"<p>140÷7，如果除数不变，被除数除以5，那么商应当（ ）。</p>"
348,"<p>被除数不变，除数乘3，商应当（ ）。</p>"
349,"<p>两个数相除的商是6，如果被除数与除数都除以2，商是（ ）。</p>"
350,<p>计算除法时，除到被除数的哪一位，就在那一位上面写商。</p>
351,<p>三位数除以两位数，商一定是两位数。</p><p></p>
352,<p>一个除法算式的被除数和除数都乘2以后，商是12，那么原来的商是6。</p>
354,"<p><img data-formula=""$$4500\div 140$$%""  style=""max-width: 100%;"">，除得的商是32，余数是2。</p>"
355,"<p>下面的算式中，正确的是（ ）。</p>"
356,"<p><img data-formula=""$$470\div 20=23……10$$%""  font-base=""undefined"">，如果被除数和除数同时乘10，余数是（ ）。</p><p></p>"
357,"<p>下面三道算式中，商最小的算式是（ ）。</p>"
358,"<p><img data-formula=""$$3200\div 40$$%""  font-base=""undefined"">，除数不变，被除数除以2，那么商（ ）。</p><p></p>"
359,"<p>码头上有三艘轮船等待装货，甲船要8小时装满，乙船要10小时装满，丙船要7小时装满。因人手不足，只能一艘一艘地装，要使三艘船的等待时间的总和最少，应该按（&nbsp; ）的顺序装货。</p>"
360,<p>比较两个数的大小时，要看左起第一位数字的大小，左起第一位数字大的数大。</p>
361,<p>万位上的5表示的数是百位上的5表示的数的100倍。</p>
362,<p>一个数的近似数是15000，这个数一定是15200。</p>
365,<p>黑板的两条邻边互相平行。</p>
366,<p>同一平面内，两条直线相交的交点叫垂足。</p>
367,<p>在同一平面内，过一点可以画无数条直线与已知直线垂直。</p>
368,"<p>三角形的内角和是<img data-formula=""$$180\degree$$%""  font-base=""undefined"">。</p>"
369,"<p>钟面上8时整，分针和时针组成（ ）角。</p>"
370,"<p>下面三句话中，错误的是（ ）。</p><p></p>"
371,"<p>下面三道算式中，商最小的算式是（ ）。</p>"
372,"<p>煮熟一个鸡蛋至少需要7分钟，一口锅一次最多可以煮16个鸡蛋，煮熟16个鸡蛋，至少需要（ ）分钟。</p><p></p>"
373,"<p><img data-formula=""$$0.4\times 0.7=2.8$$%""  font-base=""undefined""></p>"
374,"<p><img data-formula=""$$5.6\times 0.28=1.568$$%""  font-base=""undefined""></p>"
375,"<p><img data-formula=""$$3.08\times 0.07=21.56$$%""  font-base=""undefined""></p>"
376,<p>5.895保留两位小数约是5.90。</p>
377,"<p><img data-formula=""$$3.91\times 2.5$$%""  font-base=""undefined"">的积是9.775，保留两位小数是9.78，精确到十分位是10。</p><p></p>"
378,<p>一个三位小数保留两位小数后约是2.16，这个数最大是2.159。</p>
379,<p>表示近似数时，3.50不能写成3.5。</p>
380,"<p>下面各题的计算中，只运用了乘法结合律的是（ ）。</p><p></p>"
381,"<p>与<img data-formula=""$$3.8×9.9$$%""  font-base=""14"">得数相等的算式是（&nbsp; ）。</p><p></p>"
382,"<p>与<img data-formula=""$$81.8×2.4$$%""  font-base=""undefined"">的结果相等的算式是（&nbsp; ）。</p>"
383,"<p>下列算式中，与<img data-formula=""$$12.5×8.8$$%""  font-base=""undefined"">的结果不相等的是（ ）。</p><p></p>"
384,"<p>不计算，根据下列选项可知，<img data-formula=""$$7.5\times 0.94=$$%""  font-base=""undefined"">（ ）。</p><p></p>"
385,"<p>壮壮在计算一道小数乘法算式时，误将一个一位小数当成了整数，算出结果是4.27，正确结果应该是（ ）。</p>"
386,"<p>已知<img data-formula=""$$a\times 0.99=b\times 1.01=c\times 0.85$$%""  font-base=""undefined"">（<img data-formula=""$$a$$%""  font-base=""14"" style=""white-space: normal;"">、<img data-formula=""$$b$$%""  font-base=""14"" style=""white-space: normal;"">、<img data-formula=""$$c$$%""  font-base=""14"" style=""white-space: normal;"">都不为0），<img data-formula=""$$a$$%""  font-base=""14"">，<img data-formula=""$$b$$%""  font-base=""14"">，<img data-formula=""$$c$$%""  font-base=""14"">三个数中最大的是（&nbsp; ）。</p>"
388,"<p>用<img data-formula=""$$（1，1）$$%""  font-base=""14"">表示位置，两个1表示的意义是一样的。</p>"
389,"<p>用<img data-formula=""$$（8，x）$$%""  font-base=""14"">表示位置不知道在第几行，但知道在第8列。</p>"
390,"<p>学校食堂吃饭，一张桌子最多能坐6人，45人至少需要（ ）张这样的桌子。</p>"
391,"<p>做一套童装用布2.2米，现有60米布，最多可以做（ ）套童装。</p>"
392,"<p>下面各题的结果大于1的算式是（ ）。</p>"
393,"<p>下面各题中，商最大的算式是（ ）。</p><p></p>"
394,"<p><img data-formula=""$$6.9\div 0.48$$%""  style=""max-width: 100%;"">商的最高位是（&nbsp; ）。</p>"
395,"<p><img data-formula=""$$0.47\div 0.4$$%""  style=""max-width: 100%;"">的商是1.1，余数是（&nbsp; ）。</p>"
396,"<p>李阿姨买了14个橘子共重2.1千克，如果买这样的橘子13千克，大约有（ ）。</p><p></p>"
397,"<p>魔盒里装着用一样的纸袋包装好的10只水晶鞋和10只布鞋，灰姑娘闭着眼睛任意摸出1个纸袋，里面装的（ ）。</p>"
398,<p>玩击鼓传花游戏时，花落在每个人手中都有可能。</p>
399,<p>壮壮抛一枚硬币，第一次是正面朝上，第二次是正面朝上，第三次又是正面朝上，那么他抛第四次一定也是正面朝上。</p>
400,<p><i></i>在盒子中放8枚红棋子和1枚黄棋子，任意摸1枚，肯定能摸到红棋子。</p>
401,<p>正方形和长方形的四个角一定是直角。</p>
402,"<p><img data-formula=""$$0.030030003……$$%""  font-base=""undefined"">是循环小数。</p>"
403,<p>两个数相除的商是1.52，被除数和除数的小数点都向右移动一位，商就变成了15.2。</p>
404,"<p><img data-formula=""$$8.4\div 2.6+8.4\div 2.4=8.4\div （2.6+2.4）$$%""  style=""max-width: 100%;""></p>"
405,<p>近似数4.0、4.00的精确程度不同，末尾的“0”不能去掉。</p><p></p>
406,<p><b></b>一个袋子中装有红球、绿球各5个，从中任取1个，记录好后放回袋中再取，这样重复20次，一定能抽取10次红球，10次绿球。</p>
407,"<p>计算<img data-formula=""$$4.4\times 2.5$$%""  font-base=""undefined"">，正确的是（ ）。</p><p></p>"
408,"<p>下列算式，得数大于1的是（ ）。</p>"
409,"<p>某日中国银行外汇牌价显示1港元兑换0.82元人民币。中国文化艺术品商店出售的工艺品“中国雕刻”一套1230元人民币。折合（ ）港币。</p><p></p>"
410,"<p>因为<img data-formula=""$$3\times y=3y$$%""  font-base=""undefined"">，所以<img data-formula=""$$x\times 18=x18$$%""  font-base=""undefined"">。</p>"
411,"<p><img data-formula=""$$x^2$$%""  font-base=""undefined"">一定大于<img data-formula=""$$2x$$%""  font-base=""undefined"">。</p>"
412,"<p><img data-formula=""$$0.01^2=0.0001$$%"" font-base=""undefined""  style=""max-width: 100%;""></p>"
413,"<p><img data-formula=""$$（a+b）\times 5=5ab$$%""  font-base=""undefined""></p>"
415,<p>所有的等式都是方程。</p><p></p>
417,"<p><img data-formula=""$$8a+8=8（a+8）$$%""  font-base=""undefined""></p>"
419,"<p><img data-formula=""$$x^2<2x$$%""  font-base=""undefined""></p>"
420,"<p><img data-formula=""$$x=12$$%""  font-base=""14"">是方程<img data-formula=""$$2x-20=4$$%""  font-base=""14"">的解。</p>"
421,"<p><span><img data-formula=""$$5+2x$$%""  font-base=""14"">等于<img data-formula=""$$7x$$%""  font-base=""14"">。</span></p>"
423,<p>解方程的原理是依据等式的性质。</p>
424,"<p>当<img data-formula=""$$x=0.2$$%""  font-base=""undefined"">时，<img data-formula=""$$0.2x=x^2$$%""  font-base=""14"">。</p>"
425,"<p>已知<img data-formula=""$$3x+7=35$$%""  font-base=""14"">，则<img data-formula=""$$6x+1=$$%""  font-base=""14"">（&nbsp; ）。</p>"
427,"<p>黄霏霏和妈妈今年的年龄和是49岁，再过<img data-formula=""$$x$$%""  font-base=""14"">年，两人的年龄和是（&nbsp; ）。</p>"
429,<p>高不变时，三角形底边越长，它的面积就越大。</p><p></p>
431,"<p>一个三角形的面积是<img data-formula=""$$40$$%""  font-base=""14""><img data-formula=""$$cm^2$$%""  font-base=""undefined"">，高是<img data-formula=""$$5cm$$%""  font-base=""14"">，它的底是（&nbsp; ）<img data-formula=""$$cm$$%""  font-base=""14"">。</p><p></p>"
432,"<p>一个三角形与一个平行四边形的底和面积分别相等，平行四边形的高是10cm，三角形的高是（&nbsp; ）。</p><p></p>"
436,"<p>两个（ ）的梯形可以拼成一个长方形。</p><p></p>"
437,"<p>一个梯形的上底和下底都扩大到原来的3倍，高不变，那么它的面积扩大到原来的（ ）倍。</p><p></p>"
439,<p>面积相等的两个梯形可以拼成一个平行四边形。</p><p></p>
441,"<p>一个梯形的上、下底和高都扩大到原来的2倍，则这个梯形的面积扩大到原来的（ ）倍。</p><p></p>"
442,"<p>一个梯形，上底是<img data-formula=""$$5cm$$%"" font-base=""14""  style=""max-width: 100%;"">，下底是<img data-formula=""$$8cm$$%"" font-base=""14""  style=""max-width: 100%;"">，如果上底变成<img data-formula=""$$0cm$$%"" font-base=""14""  style=""max-width: 100%;"">时，面积就减少<img data-formula=""$$5cm^2$$%"" font-base=""undefined""  style=""max-width: 100%;"">，那么原梯形的面积是（ ）。</p><p></p>"
443,"<p>一个三角形与一个平行四边形的底相等，面积也相等。平行四边形的高是3cm，三角形的高是（ ）cm。</p><p></p>"
444,"<p>在相距60米的两座楼之间栽树（两端都不栽）。每隔3米栽一棵。共栽了（ ）棵。</p>"
445,"<p>在一段公路一侧栽90棵树，每隔5米栽一棵（一端栽一端不栽），这段公路长（ ）米。</p>"
446,"<p>将一根木头锯成6段，需要30分钟，平均锯一次需要（ ）分钟。</p>"
447,"<p>3路公共汽车行驶路线中共有11个停靠点（含起点和终点），每相邻两个停靠点相距1千米，从起点到终点共有（ ）千米。</p>"
448,"<p>一个灯塔上的信号灯，闪6下用了20秒。30秒最多闪（ ）下。</p>"
449,"<p>一个圆形花坛周围每隔1米摆一盆鲜花，一共摆了20盆鲜花，花坛的周长是（ ）米。</p>"
450,"<p>同学们在学校走廊的一旁摆了17盆鲜花，每两盆花之间的间隔为5米，摆完后觉得不好看，于是两盆花之间的间隔改为2米，还需要增加鲜花（ ）盆。</p><p></p>"
451,<p>平行四边形的底边越长，它的面积就越大。</p>
452,<p>两个等底等高的三角形，面积一定相等并且形状相同。</p>
453,<p>一个平行四边形的底和高都扩大到原来的3倍，它的面积也扩大到原来的3倍。</p>
454,<p>一个梯形的高不变，上底增加3cm，下底减少3cm，则它的面积不变。</p>
456,"<p><img data-formula=""$$6x-18=0$$%""  font-base=""undefined"">和<img data-formula=""$$4x-1.5$$%""  font-base=""undefined"">中都含有未知数，所以都是方程。</p>"
457,<p>在一个正方形中画一个最大的三角形，这个三角形的面积是正方形面积的一半。</p>
458,<p>三角形的高不变，底越长面积越大。</p>
459,<p>袋子里有一些灰棋子和红棋子，淘淘摸了5次都摸到了灰棋子（摸后再把棋子放回袋中），继续摸第6次，可能摸到红棋子，也可能摸到灰棋子。</p>
460,"<p>下列各式中，积最小的是（ ）。</p><p></p>"
461,"<p>不计算，下面方程中代表数值最小的字母是（ ）。</p><p><br></p><p></p>"
462,"<p>将点<img data-formula=""$$P（4，9）$$%""  font-base=""14"">向左平移2格，再向上平移1格后，P现在的位置用数对表示是（&nbsp; ）。</p>"
463,"<p>在一段公路两旁栽90棵树，两头都栽，每相邻两棵之间的距离是5m，这段公路长（ ）m。</p>"
464,<p>1分50秒就是150秒。</p>
465,<p>我扫地用了4分钟，也就是40秒。</p>
466,<p>75秒=1分15秒</p>
467,<p>当分针从4走到5时，也就是走了500秒。</p>
470,<p>一辆自行车608元，一台电风扇197元，妈妈带了700元，刚好够了。</p>
471,<p>比380多180的数是460。</p>
472,<p>分针走1小格的时间，秒针正好走10大格。</p>
473,<p>时针在5和6之间，分针指向9，此时是5:45。</p>
474,"<p>钟面上秒针从12走到5，共走了（ ）秒。</p><p></p>"
475,"<p>下面三位同学上学，（&nbsp; ）用的时间最短。</p>"
476,"<p>一个数减去470得240，这个数是（ ）。</p><p></p>"
477,"<p>从甲城到乙城的铁路全长约759（ ）。</p>"
479,"<p>某地未来3小时预计降水量将达到50（ ）。</p><p></p>"
480,<p>1公里的马路比1000米的绳子长。</p>
481,<p>一本数学书厚约60毫米。</p>
482,<p>学校旗杆高12厘米。</p>
483,<p>壮壮距好朋友家13千米，他最好坐公共汽车去。</p>
484,<p>马拉松长跑比赛路程全长约42千米。</p><p></p>
485,<p>一只麻雀约重80千克。</p>
486,<p>衣柜高20分米。</p>
487,<p>10个西瓜重3吨。</p>
489,<p>淘淘的食指长约5毫米。</p>
490,<p>依依的身高约为14分米。</p>
491,<p>依依家距学校15千米，她最好步行去。</p><p></p>
492,<p>爸爸重约70吨。</p>
493,<p>一根黄瓜长约2分米。</p>
494,"<p>三艘远洋货轮可载货（ ）。</p>"
496,"<p>一袋大米重10千克，（ ）袋同样的大米重1吨。</p><p></p>"
497,"<p>下面说法错误的是（ ）。</p>"
498,<p>一个三位数加一个三位数，和一定是三位数。</p>
499,"<p><img data-formula=""$$450+120+380$$%""  style=""max-width: 100%;"">可以算成<img data-formula=""$$450+500=950$$%""  style=""max-width: 100%;"">。</p>"
501,"<p>王师傅把一根长4米的钢材，切割成同样长的5段，每段钢材长（ ）。</p>"
502,"<p>一根铁丝长508米，第一次用去了361米，第二次用去了129米，现在铁丝比原来短了（ ）米。</p><p></p>"
503,"<p>壮壮有5张2020年北京冬奥会邮票，龙一鸣有27张。龙一鸣给壮壮（ ）张邮票后，龙一鸣的邮票数是壮壮的3倍。</p><p></p>"
506,<p>多位数乘一位数，哪一位上所得的积满几十，就向前一位进几。</p>
507,<p>乘法估算的结果都比实际计算的结果大。</p>
509,"<p>要使328×（ ）的积是一个三位数，（ ）里最大填（&nbsp; ）。</p>"
510,"<p>乘积最接近900的算式是（ ）。</p>"
511,"<p>一个乘数的末尾有0（另一个乘数不为0），积的末尾（ ）。</p><p></p>"
513,<p>长方形的周长=长+宽×2。</p>
514,<p>用两根同样长的绳子分别围成一个长方形和一个正方形，正方形的周长短一些。</p>
515,<p>长方形和正方形的周长，都是四条边长度的总和。</p>
516,<p>用相同的小正方形摆成长方形时，长与宽越接近，长方形的周长就越短。</p>
517,"<p>一个长方形的宽是5厘米，长是宽的3倍，它的周长是（ ）厘米。</p>"
518,"<p>一个长方形的长与宽的和是18分米，这个长方形的周长是（ ）。</p>"
519,"<p>因为<img data-formula=""$$9>6$$%""  font-base=""undefined"">，所以<img data-formula=""$${1\over 9} >{1\over 6}$$%""  font-base=""undefined""></p>"
520,"<p>把一个饼分成6块，龙一鸣吃了2块，吃了这个饼的<img data-formula=""$${2\over 6}$$%""  font-base=""undefined"">。</p>"
521,"<p><img data-formula=""$${1\over 5} +{1\over 2} ={3\over 10}$$%""  font-base=""undefined""></p>"
522,"<p>一堆小棒有14根，拿出这堆小棒的<img data-formula=""$${1\over 7}$$%""  font-base=""undefined"">，还剩7根。</p>"
523,"<p><img data-formula=""$${2\over 2} ={3\over 3}={4\over 4}= {9\over 9}=1$$%""  font-base=""undefined""></p>"
524,"<p>下面三个分数中，（&nbsp; ）大于<img data-formula=""$${1\over 6}$$%""  font-base=""undefined"">。</p>"
525,"<p>5个<img data-formula=""$${1\over 5}$$%""  font-base=""undefined"">（ ）6个<img data-formula=""$${1\over 6}$$%""  font-base=""undefined"">。</p>"
528,<p>毛巾长8分米。</p>
529,<p>黄霏霏家距外婆家30千米，她最好步行去。</p>
530,<p>一部手机大约厚1毫米。</p>
531,<p>长方形、正方形、平行四边形都是四边形。</p><p></p>
532,<p>两个相同的正方形拼成一个大长方形，大长方形的周长等于两个正方形周长之和。</p>
533,"<p>甲、乙、丙三人折纸鹤，甲用了<img data-formula=""$${1\over 5}$$%""  font-base=""undefined"">小时，乙用了<img data-formula=""$${1\over 6}$$%""  font-base=""undefined"">小时，丙用了<img data-formula=""$${2\over 5}$$%""  font-base=""undefined"">小时，先完成的是（ ）。</p>"
534,<p>时、分、秒每两个单位间的进率都是60。</p>
535,<p>1分30秒就是130秒。</p>
536,<p>我扫地用了3分钟，也就是30秒。</p>
537,<p>长江是亚洲第一大河，全长6397千米。</p>
538,<p><span>电视塔高30千米。</span></p><p></p>
539,<p>从北京到哈尔滨的距离约是1200米。</p>
540,<p>我们眨一下眼睛大约1分钟。</p><p><br></p><p></p>
541,<p>分针从数字“12”走到“4”，走了4大格，也就是20分钟。</p>
542,<p>刘翔跑110米栏的时间大约是13秒。</p>
543,<p>脉搏跳10次大约用8分钟。</p>
544,<p>一列火车晚上9:25开车，需提前半小时检票，开始检票的时间是晚上8:55。</p>
545,"<p>钟表滴答一声是1（ ）。</p><p><br></p><p></p>"
546,"<p>分针走1大格，秒针走了（ ）。</p>"
547,"<p>依依早上6:00起床，苹苹早上6:30起床，淘淘早上5:50起床，（&nbsp; ）起得最早。</p>"
548,"<p>一家人一起吃一顿饭大约用了（ ）。</p>"
549,"<p>时针在3和4之间，分针指向7，秒针指向2，这时是（ ）。</p>"
550,<p>公交卡的厚度约是1毫米。</p>
551,<p><b></b>1袋面粉重25千克，4袋面粉重1吨。</p><p><b></b><br></p>
552,<p>黄河的全长约720米。</p>
553,<p>米、分米、厘米、毫米，每相邻两个长度单位之间的进率都是10。</p>
554,<p>1吨钢材与1000千克纸一样重。</p>
555,"<p>1吨和1千米比较，下面说法正确的是（ ）。</p>"
556,"<p>步行1千米一般需要（ ）。</p><p><br></p><p></p>"
557,"<p>去某地的距离有200多千米，最好（&nbsp; ）。</p>"
558,"<p>写作业时身体离课桌的距离约（&nbsp; ）比较合适。</p><p><br></p><p></p>"
559,<p>425与268的和一定大于700。</p>
560,"<p><img data-formula=""$$367+198=367+200-2$$%""  style=""max-width: 100%;""></p>"
561,<p>计算万以内的加、减法时，相同数位要对齐。</p>
562,<p>减法只能用加法验算。</p>
563,"<p>下面（&nbsp; ）两个数相加的和是1000。</p>"
564,"<p>不能验算<img data-formula=""$$965-209=756$$%""  style=""max-width: 100%;"">的算式是（ ）。</p>"
565,"<p>下面（&nbsp; ）算式的结果大于500。</p>"
566,"<p>2018年3月12日植树节，同学们植了43棵杨树，比柳树多植17棵，同学们植了（ ）棵柳树。</p>"
567,<p>秒针从数字3走到6，经过的时间是3秒。</p>
568,<p>800减去496的差接近300。</p>
569,<p>10张银行卡叠在一起，厚度约是1厘米。</p>
570,<p>一头大象重7吨60千克，合7600千克。</p>
571,<p>两个三位数相加的和一定不是三位数。</p>
572,"<p>某日，气象台发布了暴雨红色预警信号，3小时内降雨量将在100（ ）以上且降雨可能持续。</p><p><br></p><p></p>"
573,"<p>比较下面的质量，最轻的是（ ）。</p><p><br></p><p></p>"
574,"<p>1秒钟不可以做完的事情是（ ）。</p>"
575,"<p>下列算式中，得数大于300的是（ ）。</p>"
576,"<p>依依家、学校、苹苹家在同一条直线上，依依家距离学校280米，苹苹家距离学校350米。依依家与苹苹家之间的距离不可能是（ ）。</p>"
578,<p>因数的末尾没有0，积的末尾也一定没有0。</p>
579,<p>9乘三位数，积可能是三位数，也可能是四位数。</p>
580,<p>两位数乘一位数的积一定比三位数乘一位数的积小。</p>
581,<p>498×3的积比1500小。</p>
582,"<p>估一估，下面（ ）的结果最接近2400。</p><p><br></p><p></p>"
584,"<p>王阿姨买了3张火车票，付了1000元，又找回了一些零钱。估一估，她买的票每张是（ ）元。</p><p></p>"
585,"<p>用3千克的黄豆可以做出12千克的豆腐，照这样计算，用24千克的黄豆可以做出多少千克的豆腐？下列算式正确的是（ ）。</p>"
587,<p>一个长方形的长和宽的长度增加，周长也会增加。</p>
588,<p>长方形、正方形、平行四边形都是四条边围成的图形，都是四边形。</p>
590,<p>用两副同样的三角板，一定能拼成一个长方形和一个正方形。</p>
591,"<p>一个长方形一组邻边的和是20厘米，它的周长是（ ）。</p><p><br></p><p></p>"
592,"<p>把一块巧克力从正中间切成两段，淘淘吃了其中一段，淘淘吃了这块巧克力的<img data-formula=""$${1\over 2}$$%""  font-base=""undefined"">。</p>"
593,"<p>把一条线段平均分成4份，3份是它的<img data-formula=""$${3\over 4}$$%""  font-base=""14"">。</p>"
594,"<p>因为<img data-formula=""$$7>6>3$$%""  font-base=""14"">，所以<img data-formula=""$${1\over 7} >{1\over 6} >{1\over 3}$$%""  font-base=""undefined"">。</p>"
595,<p><span></span><span>任何分数都比1小。</span></p>
596,"<p>把一张圆形纸片对折3次，每份是这张圆形纸片的（&nbsp; ）。</p><p></p>"
597,"<p>同样的两瓶水，龙一鸣喝了一瓶的<img data-formula=""$${1\over 3}$$%""  font-base=""undefined"" style=""white-space: normal;"">，壮壮喝了一瓶的<img data-formula=""$${1\over 4}$$%""  font-base=""undefined"">，（ ）剩下的水多。</p><p></p>"
598,"<p>把5米长的绳子平均分成4段，每段是这根绳子的（&nbsp; ）。</p><p></p>"
599,"<p>时针走1大格，分针走（ ）圈。</p><p><br></p><p></p>"
600,"<p>下面各数中最接近300的数是（ ）。</p>"
601,"<p>下列算式中，结果最接近500的是（ ）。</p>"
602,"<p>下列算式中，结果最接近10的是（ ）。</p>"
603,"<p><img data-formula=""$$0×7×8×9$$%""  font-base=""undefined"">（ ）<img data-formula=""$$（943-329）×0$$%""  font-base=""undefined""></p>"
604,"<p><img data-formula=""$$328×6$$%""  font-base=""14"">（&nbsp; ）<img data-formula=""$$1800$$%""  font-base=""14""></p><p></p>"
605,"<p>一种水草，每过1天，就由原来的1棵变成3棵。一个池塘第1天有1棵这样的水草，生长到第3天，这种水草的数量是原来的（ ）倍。</p><p></p>"
606,<p>有四个角的图形一定是四边形。</p><p><br></p><p></p>
607,<p>长方形和正方形的对边都相等。</p>
608,<p>吨比千米重一些。</p>
609,<p>一本学生字典厚约30毫米。</p>
611,<p>一列火车本应10:25到达，现在要晚点一刻钟，它到达的时间是10:10。</p>
612,<p>奶奶要靠一面墙围一个长方形鸡舍，将长边靠墙可以让围鸡含的篱笆最短。</p>
613,<p>用4个边长是1厘米的小正方形拼出不同的图形，这些图形的周长都是8厘米。</p>
614,<p>一种细菌，每过1分钟，就由原来的1个变成2个。经过4分钟，这种细菌的数量是原来的8倍。</p>
615,"<p>博物馆上午9:30开门，元元9:15已经到了图书馆门口，他还要等（&nbsp; ）。</p>"
616,"<p>一副乒乓球拍36元，是一个口哨价钱的9倍。现在一个口哨降价1元，如果想它们之间的价钱倍数不变，乒乓球拍需降价（ ）元。</p>"
617,"<p>一瓶牛奶的<img data-formula=""$${1\over 2}$$%""  font-base=""undefined"">比另一瓶牛奶的<img data-formula=""$${1\over 2}$$%""  font-base=""undefined"">少，这是（ ）的。</p>"
618,"<p>在一张长30cm、宽20cm的长方形纸上，剪下一个最大的正方形，剩下图形的周长是（ ）。</p>"
619,"<p><img data-formula=""$$6×7×8×9×0>1+2+3+4+0$$%""  font-base=""14""></p>"
620,<p>黄霏霏家距奶奶家18千米，她最好步行去。</p>
621,<p>一个正方形的边长增加2分米，它的周长增加8分米。</p>
622,"<p>三只小动物比身高，小狗的身高是64厘米，小鸡比小狗矮38厘米，小兔比小鸡高23厘米，小兔和小狗身高相差（&nbsp; ）厘米。</p>"
623,"<p>壮壮家、学校、龙一鸣家是同一条直线上，壮壮家离学校300米，龙一鸣家离学校500米，壮壮家和龙一鸣家相距（ ）米。</p>"
624,"<p>甲、乙、丙三人做纸飞机，甲用了<img data-formula=""$${1\over 5}$$%""  font-base=""undefined"">小时，乙用了<img data-formula=""$${1\over 6}$$%""  font-base=""undefined"">小时，丙用了<img data-formula=""$${1\over 4}$$%""  font-base=""undefined"">小时。先完成的是（ ）。</p><p></p>"
625,<p>分针走一大格，秒针走5圈。</p>
626,<p>100千克水和1吨冰块一样重。</p>
628,"<p>分针从12旋转到6，所经过的区域占整个钟面的<img data-formula=""$${1\over 2}$$%""  font-base=""undefined"">。</p>"
629,<p>在乘法里，积一定大于其中任何一个因数。</p>
630,<p>8的5倍就是8个5。</p>
631,<p>对边相等的四边形，不是长方形就是正方形。</p><p></p>
632,"<p>把生日蛋糕分成8块，每块是它的<img data-formula=""$${1\over 8}$$%""  font-base=""undefined"">。</p>"
633,<p>1吨棉花比1000千克细盐轻。</p>
634,<p>4个500千克是2000吨。</p>
635,<p>验算加法时只能用减法。</p>
636,<p>钟面上分针从3走到11，经过的时间是8分钟。</p>
637,<p>5千克的大米和5千克的铅块一样重。</p>
638,"<p>周末，李芳一家要到离家8千米的动物园玩，选择（ ）的方式更合适。</p>"
639,"<p>下面得数小于400的是（ ）。</p>"
640,"<p>三个同学赛跑，丁丁用了105秒，奇奇用了1分20秒，格格用了96秒，（&nbsp; ）跑得最快。</p><p><br></p><p></p>"
641,"<p>140×5的积末尾有（&nbsp; ）个0。</p>"
642,"<p>305×5的积中间（ ）0。</p><p>&nbsp;</p>"
643,"<p>育新小学体育老师一周要给5个年级的学生上体育课，每个年级的人数都在142~148之间。这个学校的体育老师一周大约要给（ ）名学生上课。</p>"
644,"<p>一名打字员每分钟录入约110~115个字，9分钟大约录入（ ）个字。<br></p>"
645,<p>三位数乘一位数，积可能是三位数，也可能是四位数。</p>
647,<p>一个乘数的中间有0，积的中间也一定有0。</p>
648,<p>4条边相等的四边形一定是正方形。</p>
649,<p>从一张长6cm、宽4cm的长方形纸板上剪下一个正方形，这个正方形的边长最大是4cm。</p>
650,<p>用两根同样长的绳子分别围成一个长方形和一个正方形，正方形的周长长一些。</p>
651,<p>在一个长方形的四个角上分别剪去大小一样的4个小正方形，这个长方形的周长变小了。</p>
652,"<p>长方形的一组长边同时缩短到和短边一样长，就变成了（ ）。</p><p></p>"
653,"<p>一个长方形的宽是5厘米，长是宽的2倍，这个长方形的周长是（&nbsp; ）厘米。</p>"
654,"<p>把一块巧克力分成8份，其中的3份就是这块巧克力的<img data-formula=""$${3\over 8}$$%""  font-base=""undefined"">。</p>"
655,"<p>爸爸吃了一块蛋糕的<img data-formula=""$${1\over 2}$$%""  font-base=""undefined"">，妈妈吃了另一块蛋糕的<img data-formula=""$${1\over 2}$$%""  font-base=""undefined"">，爸爸和妈妈吃得一样多。</p>"
656,<p>分子都是1的分数，分母小的分数比较大。</p>
657,"<p>因为<img data-formula=""$$9>6$$%""  font-base=""14"">，所以<img data-formula=""$${1\over 9}> {1\over 6}$$%""  font-base=""undefined"">。</p>"
658,"<p><img data-formula=""$$1-{3\over 7}$$%""  font-base=""undefined"">中的1可以看成7个<img data-formula=""$${1\over 7}$$%""  font-base=""undefined"" style=""white-space: normal;"">。</p>"
659,<p>李林家距奶奶家约200千米，他最好步行去奶奶家。</p>
660,<p>南京长江大桥全长约7035千米。</p>
661,<p>一头大象重6吨。</p>
662,<p>一本英语字典厚约35毫米。</p>
663,"<p>妈妈给平平和当当每人一瓶饮料，平平喝了<img data-formula=""$${1\over 4}$$%""  font-base=""undefined"">，当当喝了<img data-formula=""$${1\over 5}$$%""  font-base=""undefined"">，平平喝的多一些。</p>"
664,<p>三位数乘一位数，若三位数的中间有0，则积的中间也一定有0。</p>
666,"<p>用长54厘米的铁丝围成一个长是20厘米的长方形，则长方形的宽是（ ）厘米。</p><p></p>"
667,<p>含有万级的数一定是五位数。</p>
668,<p>十万位的左面一位是万位，右面一位是百万位。</p>
669,<p>68200000和6820中的“8”表示的意义不同。</p>
670,"<p>下面各数中，读作三千零五十万七千零九十九的数是（ ）。</p>"
671,"<p>下面各数中，只读一个0的是（ ）。</p><p></p>"
672,"<p>在7和8之间添上五个0，这个数读作（ ）。</p><p>&nbsp;</p>"
673,<p>九百零一万零七十五写作：901075。</p>
674,<p>由6个千万和4个十组成的数是6000040。</p>
675,<p>比九百九十万大一万的数写作：9910000。</p>
676,"<p>在570后面添（&nbsp; ）个0就是五十七万。</p>"
677,"<p>上海世博会中国国家馆的总建筑面积约为十六万零一百平方米，写作：（ ）。</p><p></p>"
678,"<p>写数时，五千零五万零四百要写出（&nbsp; ）个0。</p>"
679,"<p>十万十万地数，数10次是（ ）。</p>"
680,"<p>在国家惠农政策的扶持下，李村去年农业纯收入<u>5300080</u>元。横线上的数读作（ ）。</p>"
681,"<p>用三个2和三个0组成的六位数，读数时，所有0都不读，这个数可能是（ ）。</p><p><br></p><p></p>"
682,<p>我国的陆地面积大约是8900000平方千米。</p>
683,<p>妈妈花了109800元钱给雯雯买了一台步步高点读机。</p>
684,<p>北京到长沙的距离大约是120000米。</p>
685,<p>2010年广州常住人口大约有12700800人。</p>
686,"<p>大于99998且小于100002的整数有（ ）。</p>"
687,"<p>6260000&gt;（&nbsp; ）&gt;6206000</p>"
688,"<p>比963294多十万的数是（ ）。</p>"
689,"<p>下面式子正确的是（ ）。</p><p></p>"
690,"<p>下面各数中最小的数是（ ）。</p>"
691,"<p>把5900000改写成用“万”作单位的数是（ ）。</p><p></p>"
692,"<p>下列数中，和74万一样大的数是（ ）。</p><p></p>"
693,"<p>一个数由8个千万、5个百万和3个万组成，这个数是（ ）。</p>"
694,"<p><img data-formula=""$$9168000\approx $$%""  font-base=""14"">（&nbsp; ）</p><p><br></p><p></p>"
695,"<p>下面四个数中，（&nbsp; ）约等于500万。</p><p></p>"
697,<p>四（1）班有40名学生，清扫校园路面接近800平方米。“40”是准确数，“800”是近似数。</p>
698,<p>4869999=487万</p>
699,<p>3854999省略万位后面的尾数约是386万。</p>
700,"<p>25000000（&nbsp; ）2500万</p><p></p>"
701,"<p>把6379034四舍五入到十万位约是（&nbsp; ）万。</p><p></p>"
702,"<p>某县人口普查用“万”作单位，用“四舍五入”法统计约是45万。这个县实际人口最多可能是（&nbsp; ）。</p>"
704,<p>有一个数比一千万小，再增加二十万，正好是一千万，这个数写作9080000。</p>
705,<p>自然数的最小计数单位是0。</p>
707,<p>在数位顺序表中，右起第十位是十亿位。</p>
708,<p>一个数含有三级，这个数一定是十二位数。</p>
709,<p>千亿是最大的计数单位。</p>
710,<p>写数时读几个“零”就写几个0。</p>
711,<p>与7亿相邻的两个自然数是6亿和8亿。</p>
712,<p>最小的九位数比最大的八位数多1。</p>
713,<p>省略亿位后面的尾数，就是把亿位后面的尾数都舍去，在亿位后面写上一个“亿”字。</p>
714,<p>近似数有可能比准确数小。</p>
715,<p>一个数在省略亿位后面的尾数之后是25亿，这个数最大是2499999999。</p>
716,<p>五十亿零七十，写作：50000000070。</p>
717,<p>38549999999写成用“亿”作单位的近似数是386亿。</p>
718,"<p>一亿是10个（ ）。</p>"
719,"<p>下面（ ）最接近15亿。</p><p></p>"
720,"<p>用4、8、9、6和五个0组成一个九位数，且这个数中所有的0都不读，这个数最小是（ ）。</p>"
726,<p>比800万多一万的数是810万。</p>
727,<p>亿位右边的一位是十亿位，左边的一位是千万位。</p>
729,<p>77000左起第一个7和第二个7表示的值相差63000。</p>
731,"<p>下面各数中，一个0也不读的是（ ）。</p>"
732,"<p>把42350203600四舍五入到“亿”位，近似数是（ ）。</p><p></p>"
733,<p><span></span><span>60公顷=600000平方米</span></p>
734,<p>乐乐家真大啊，四室两厅两卫，约有1公顷。</p>
736,<p>平方厘米、平方分米、平方米、公顷，每相邻两个单位之间的进率都是100。</p>
737,<p>平方千米与公顷之间的进率是100，平方千米与平方米之间的进率是10000。</p>
739,<p>北京市的道路面积约为13884万平方千米。</p>
741,"<p>一块占地2公顷的果园中，种了4000棵果树，平均每棵果树占地（ ）平方米。</p>"
742,"<p>进率不是100的两个面积单位是（ ）。</p>"
743,"<p>一张课桌的面积是45（&nbsp; ）。</p><p><br></p>"
746,"<p>下列说法正确的是（ ）。</p>"
747,<p>过任意一点可以画无数条直线。</p>
748,<p>线段和射线都是直线。</p>
749,<p>王强画了一条5厘米长的射线。</p>
751,"<p>用量角器量角，只要确保<img data-formula=""$$0\degree$$%""  font-base=""undefined"">刻度线与角的一条边重合就行。</p>"
752,<p>量角器上只有一圈刻度。</p>
753,<p>把一个平角分成两个角，如果其中一个角是钝角，那么另一个角一定是锐角。</p>
755,<p>12时15分，时针和分针的夹角是直角。</p>
756,"<p>下面说法错误的是（ ）。</p>"
757,"<p>用一副三角尺可以画出的角是（ ）。</p>"
758,"<p>钟面上秒针旋转一周，得到的角是（&nbsp; ）。</p>"
759,<p>线段可以看成直线上两点之间的部分。</p>
761,<p>小明画了一条4厘米长的直线。</p>
762,"<p>125×40的积的末尾有（&nbsp; ）个0。</p>"
763,"<p>与<img data-formula=""$$480×40$$%""  style=""max-width: 100%;"">的积不一样的算式是（ ）。</p><p></p>"
764,"<p>一个算式中，两个因数（0除外）都乘5，积（ ）。</p><p></p>"
765,"<p><img data-formula=""$$40×50$$%""  font-base=""undefined"">与下面（&nbsp; ）的结果相同。</p>"
766,"<p>已知<img data-formula=""$$195×22=4290$$%""  font-base=""undefined"">，那么<img data-formula=""$$195×11=$$%""  font-base=""undefined"">（ ）。</p>"
767,"<p>下列关系式中，正确的是（ ）。</p><p></p>"
768,"<p>已知5小时的路程长372千米，可以求（&nbsp; ）。</p>"
769,"<p>一列火车从A地到B地行驶780千米，每小时行驶130千米。这列火车行驶了几小时？本题求（ ）。</p>"
770,"<p>小明骑车的速度是16千米/时，小红骑车的速度是250米/分。他们俩相比，（&nbsp; ）骑得快。</p><p></p>"
771,"<p>450×24，积的最高位是（&nbsp; ）。</p><p><br></p><p></p>"
772,"<p>两个不是0的因数，其中一个因数扩大到原来的3倍，另一个因数除以3，则积（&nbsp; ）。</p>"
773,"<p>下列算式中，（ ）与其他三个算式的积不相等。</p>"
774,"<p>1千克香蕉7元，妈妈买香蕉花了28元。妈妈买了多少千克香蕉？问题是求（ ）。</p>"
776,<p>两个因数的末尾一共有三个0，积的末尾一定只有三个0。</p>
777,<p>汽车行驶时，如果路程一定，用的时间越少，车的速度越快。</p>
779,"<p>0.01×100的积（&nbsp; ）0.1×10的积。</p>"
780,"<p>2.3×4.8的积有（&nbsp; ）位小数。</p>"
781,"<p>与3.75×0.38的计算结果相同的算式是（&nbsp; ）。</p>"
782,"<p>不计算，下面（&nbsp; ）的结果可能是28.52。</p>"
783,"<p>甲数×1.1=乙数×0.9（甲、乙两数均不为0），则（&nbsp; ）。</p><p><br></p><p></p>"
784,"<p>下面与2.7×6.8的积相等的算式是（&nbsp; ）。</p>"
785,"<p>下面结果比3.1大的算式是（&nbsp; ）。</p>"
787,<p>3.8×4.2的积保留一位小数，约是16.0。</p>
788,"<p><img data-formula=""$$0.58×9.9=0.58×(10-1)=0.58×10-0.58$$%""  font-base=""undefined""></p>"
789,"<p><img data-formula=""$$6.5+3.5\times 9=10\times 9=90$$%""  font-base=""14""></p>"
790,"<p>下列算式中，与12.5×0.88的结果不相等的是（&nbsp; ）。</p><p></p>"
791,"<p>下面各式中，积小于0.38的式子是（&nbsp; ）。</p>"
792,"<p>两个因数的积的近似数是4.36，这个积可能是（&nbsp; ）。</p>"
793,"<p>下面各式中，积最小的是（&nbsp; ）。</p>"
794,"<p><img data-formula=""$$5.7×9+5.7=5.7×（9+1）$$%""  font-base=""14"" style=""white-space: normal;"">根据的是（&nbsp; ）。</p>"
796,"<p>用<img data-formula=""$$（2，2）$$%""  font-base=""14"">表示一个物体的位置，两个2表示的意义是一样的。</p>"
797,"<p>在同一平面图上的A、B两点，A在<img data-formula=""$$（3，5）$$%""  font-base=""14"">的位置上，B在<img data-formula=""$$（6，5）$$%""  font-base=""14"">的位置上，两点在同一行上。</p>"
798,"<p>虽不知道用<img data-formula=""$$（x，5）$$%""  font-base=""14"">表示的位置在第几列，但知道在第5行。</p>"
799,"<p>下面的算式中（&nbsp; ）的结果比1大。</p>"
800,"<p><img data-formula=""$$a÷0.8=b×0.8$$%"" style=""white-space: normal; max-width: 100%;"" ><span>（</span><img data-formula=""$$a$$%"" style=""white-space: normal; max-width: 100%;"" ><span>、</span><img data-formula=""$$b$$%"" style=""white-space: normal; max-width: 100%;"" ><span>均大于0），则（&nbsp; ）。</span></p><p><br></p>"
801,"<p>下面各数比9.808小的是（&nbsp; ）。</p><p></p>"
802,"<p>下面的数是循环小数的是（&nbsp; ）。</p>"
803,<p>7.9953保留两位小数约等于7.99。</p>
806,"<p><span><img data-formula=""$$5.4317317…$$%""  font-base=""14""></span>可以简记为5.4317，它的循环节是317。</p>"
807,"<p><img data-formula=""$$37.8÷1.25×8=37.8÷(1.25×8)$$%""  font-base=""14""></p>"
808,<p>两个数的商一定小于这两个数的积。</p>
809,"<p>因为<img data-formula=""$$10\div 3=3……1$$%""  style=""max-width: 100%;"">，所以<img data-formula=""$$1÷0.3=3……1$$%""  style=""max-width: 100%;"">。</p>"
810,"<p>与<span>7640÷34</span>得数相等的算式是（&nbsp; ）。</p><p></p>"
811,"<p>下列各式中，得数最大的是（&nbsp; ）。</p>"
812,"<p>下列各式中，商是循环小数的是（&nbsp; ）。</p><p></p>"
813,"<p>下列各式中的结果大于1的算式是（&nbsp; ）。</p>"
814,"<p>1.8÷11的商用循环小数表示是（&nbsp; ）。</p>"
816,<p>2018年2月份有31天。</p>
817,<p>一个循环小数是无限小数。</p>
818,<p>掷一枚硬币10次，落地时正面朝上或反面朝上一定各5次。</p>
819,<p>太阳总是从东边升起，从西边落下。</p>
820,<p>购买体育彩票中大奖的可能性很小。</p>
821,<p>从红桃2~9八张扑克牌中可能抽到大王。</p>
822,<p>窗外刮起了大风，可能要下雨了。</p>
823,"<p>今天是星期三，明天（&nbsp; ）是星期四。</p><p><br></p><p></p>"
824,"<p>从布袋中摸大小相同的糖，要使摸到水果糖的可能性最小，摸到奶糖的可能性最大，还有可能摸到酥心糖，布袋中至少要装（&nbsp; ）颗糖。</p>"
825,"<p>在一幅平面图上，某个物体从<img data-formula=""$$（3，5）$$%""  font-base=""14"">处向上平移3格后，到达<img data-formula=""$$（3，8）$$%""  font-base=""14"">处。</p>"
826,<p>0.39×2.9的积保留一位小数是1.1。</p>
827,<p>1.77÷2.5的商是0.7，余数是2。</p>
828,<p>甲袋中有20个红球，乙袋中有4个红球，则从甲袋中取出红球的可能性比乙袋大。</p>
829,"<p><img data-formula=""$$0. 75\times 0. 4\div 0. 75\times 0. 4=0. 3\div 0. 3=1$$%""  style=""max-width: 100%;""></p>"
830,"<p>根据的是（&nbsp; ）。</p><p><img data-formula=""$$6.7\times 101=6.7\times 100+6.7$$%""  font-base=""14""></p><p></p>"
831,"<p>如果甲×1.2=乙÷1.2（甲、乙<img data-formula=""$$\not= $$%""  style=""max-width: 100%;"">0），那么（&nbsp; ）。</p><p><br></p><p></p>"
832,"<p>一个三位小数保留到百分位后的近似值是3.68，这个三位小数不可能是（&nbsp; ）。</p><p><br></p><p></p>"
833,"<p>分别写有1，2，3的三张数字卡片反扣在桌面上，高果、秦梨、原甜依次抽卡片，谁抽到3谁就赢一次。如果高果先抽，她可能抽到（&nbsp; ）。</p>"
834,"<p>某市出租车收费标准：2.5km以内6元，超过2.5km，每千米1.6元（不足1km按1km计算）。行驶7km要（&nbsp; ）元。</p><p><br></p>"
835,"<p>下面正确的是（&nbsp; ）。</p><p><br></p><p></p>"
836,"<p>高师傅每小时制作<img data-formula=""$$a$$%""  font-base=""14"">个糕点，赵师傅每小时制作<img data-formula=""$$b$$%""  font-base=""14"">个糕点。<img data-formula=""$$3（a-b）$$%""  font-base=""14"">表示（&nbsp; ）。</p><p><br></p>"
837,"<p>小正方形边长<img data-formula=""$$a$$%""  font-base=""undefined"">&nbsp;<img data-formula=""$$cm$$%""  font-base=""14"">，大正方形边长等于小正方形的周长，大正方形的周长是（&nbsp; ）<img data-formula=""$$cm$$%""  font-base=""14"" style=""white-space: normal;"">。</p><p><br></p><p></p>"
838,"<p>解方程<img data-formula=""$$7+x=13$$%""  font-base=""14"">时，方程左边减去7，方程右边就要加上7。</p>"
839,"<p><img data-formula=""$$x=5$$%""  font-base=""14"">是方程<img data-formula=""$$3x=15$$%""  font-base=""14"">的解。</p>"
840,"<p>解方程<img data-formula=""$$x一2.7=6.5$$%""  font-base=""14"">时，方程两边要同时减去2.7。</p>"
841,"<p><img data-formula=""$$x$$%""  font-base=""14"">等于（&nbsp; ）时，<img data-formula=""$$3x-9=12$$%""  font-base=""14"">。</p>"
842,"<p>由<img data-formula=""$$3（x-8）=15$$%""  font-base=""14"">到<img data-formula=""$$3x-24=15$$%""  font-base=""14"">运用的运算定律是（&nbsp; ）。</p><p><br></p><p></p>"
843,"<p>奶奶今年<img data-formula=""$$b$$%""  font-base=""14"">岁，田爱今年<img data-formula=""$$（b-55）$$%""  font-base=""14"">岁，再过<img data-formula=""$$a$$%""  font-base=""14"">年，奶奶比田爱大（&nbsp; ）岁。</p><p><br></p><p></p>"
845,"<p><img data-formula=""$$1×x+a×2=x+2a$$%""  font-base=""undefined""></p>"
847,"<p>因为<img data-formula=""$$a^2$$%""  font-base=""undefined"">表示两个<img data-formula=""$$a$$%""  font-base=""14"">相乘，<img data-formula=""$$2a$$%""  font-base=""14"">表示两个<img data-formula=""$$a$$%""  font-base=""14"" style=""white-space: normal;"">相加，所以<img data-formula=""$$a^2$$%""  font-base=""undefined"">一定大于<img data-formula=""$$2a$$%""  font-base=""14"" style=""white-space: normal;"">。</p>"
848,"<p>下列各式中，属于方程的是（&nbsp; ）。</p><p><br></p>"
849,"<p>齐力今年<img data-formula=""$$a$$%""  font-base=""14"">岁，他爸爸今年<img data-formula=""$$（a+30）$$%""  font-base=""14"">岁，5年后他们的年龄之和是（&nbsp; ）岁。</p>"
850,"<p><img data-formula=""$$x=1.8$$%""  font-base=""14"">是下面方程（&nbsp; ）的解。</p><p><br></p><p></p>"
851,"<p>五（1）班植树86棵，比五（2）班植树棵数的2倍少14，五（2）班植了多少棵树？如果设五（2）班植了<img data-formula=""$$x$$%""  font-base=""14"">棵树，下列方程错误的是（&nbsp; ）。</p>"
852,<p>三角形的面积一定小于平行四边形的面积。</p>
855,"<p>一个三角形的底是<img data-formula=""$$8cm$$%""  font-base=""14"">，高是<img data-formula=""$$5cm$$%""  font-base=""14"">，它的面积是<img data-formula=""$$40cm^2$$%""  font-base=""14"">。</p>"
856,"<p>一个三角形的底和面积与一个平行四边形的底和面积分别相等。平行四边形的高是10cm，三角形的高是（&nbsp; ）cm。</p><p><br></p><p></p>"
861,"<p>一个正方形的周长是<img data-formula=""$$36cm$$%""  font-base=""14"">，把它割补成一个平行四边形，这个平行四边形的面积是（&nbsp; ）。</p><p><br></p><p></p>"
862,"<p>一个三角形与一个平行四边形的面积相等，高也相等。平行四边形的底是5cm，三角形的底是（&nbsp; ）。</p><p><br></p><p></p>"
863,"<p>植树节到了，五（1）班同学参加植树活动，他们要在一条长20m的路一旁栽树（两端都栽），每4m栽一棵。一共要栽（&nbsp; ）棵树。</p><p><br></p><p></p>"
864,"<p>奥康步行街长300m，在街的一边每隔20m挂一个红灯笼（两端都挂），一共挂了（&nbsp; ）个红灯笼。</p>"
865,"<p>某市举行长地比赛，全程为20km。平均每2km设置一处医疗救助站（起点不设，终点设），全程一共设置了（&nbsp; ）个医疗救助站。</p>"
866,"<p>在一个圆形花坛周围栽树。花坛的周长是60m，如果每隔10m栽一棵树，一共要栽（&nbsp; ）棵树。</p>"
867,"<p>小朋友们围成一个周长14m的圆圈做游戏，每相邻两个小朋友间隔0.5m，一共有（&nbsp; ）小朋友。</p><p><br></p>"
868,<p>8路公共汽车行驶路线全长12km，途中每2km设一个停靠站，一共要设6个停靠站。</p>
869,<p>在一条笔直的公路一侧植树，若间隔为5m，则第3棵到第20棵间的距离是85m。</p>
870,<p>将一根木根据成5段，每锯一次用3分钟，一共用15分钟。</p>
871,<p>36名学生围成正方形，每边各有9人，四个顶点都有人。</p>
872,"<p>文钟家所在的一栋楼，每上一层要走10级台阶，从一楼到文钟家要走60级台阶，她家住在（&nbsp; ）层。</p>"
873,"<p>一个灯塔上的信号灯，闪5下用了20秒。照这样计算，30秒闪（&nbsp; ）下。</p>"
874,"<p>&nbsp;把一根木棍截成3段用6分钟。照这样计算，如果截成6段要用（&nbsp; ）。</p>"
875,"<p>一辆客车从起点到终点一共要行36km，如果每隔3km停靠站一次（起点不算），那么到终点一共要停靠站（&nbsp; ）次。</p><p><br></p><p></p>"
876,"<p>一条输电线路有6根电线杆，相邻两根电线杆间的距离都是45m，现在只需4根电线杆（两端的电线杆不动）。调整之后相邻两根电线杆之间的距离应为（&nbsp; ）m。</p><p><br></p><p></p>"
877,"<p>在一条长1250m的公路两旁每隔25m栽一棵树（两端都要栽），共栽树（&nbsp; ）棵。</p><p><br></p><p><br></p><p></p>"
878,"<p>在一个圆形花坛周围每隔2m摆一盆花，一共摆了24盆花，花坛的周长是（ ）。</p><p><br></p>"
879,"<p>下面的算式中，商最大的是（&nbsp; ）。</p><p><br></p><p></p>"
881,"<p>编一个中国结需要彩带1.3m，50m彩带最多能够编（&nbsp; ）个这样的中国结。</p>"
882,"<p>在一条长300m的公路一旁栽树，每隔6m栽一棵（两端都栽），一共栽树（&nbsp; ）。</p><p><br></p><p></p>"
883,"<p>将3根钢筋焊接成一根长钢筋用了6分钟。照这样计算，将4根钢筋焊接成一根长钢筋需要（&nbsp; ）分钟。</p>"
884,"<p>一个音乐喷泉中，36个喷嘴围成一个圆周，这个圆周的周长是28.8m。相邻两个喷嘴之间的距离是（&nbsp; ）。</p>"
885,"<p>笼子中有白兔、灰兔若干，白兔的只数是灰兔的3倍，灰兔比白兔少8只，求白兔、灰兔各几只。设灰兔有<img data-formula=""$$x$$%""  font-base=""14"">只，下面列方程错误的是（&nbsp; ）。</p><p><br></p><p></p>"
886,"<p>某地今年1月份出生的32个小孩中，（&nbsp; ）会有2个小孩在同一天出生。</p><p><br></p><p></p>"
887,"<p>从布袋里摸球，每次摸出一个后又放回重摸，一共摸了30次，其中摸出黄球18次，摸出红球10次，摸出蓝球2次。再摸出一个球，摸到（&nbsp; ）球的可能性大。</p>"
888,"<p><img data-formula=""$$4.9×9.9<50$$%"" style=""max-width: 100%;"" >，<img data-formula=""$$6.5÷0.13>45$$%"" style=""max-width: 100%;"" >。</p>"
890,"<p>在数对<img data-formula=""$$（3，5）$$%""  font-base=""14"">中，数字5表示第5列。</p>"
891,"<p>方程<img data-formula=""$$ax-9.2=0.8$$%""  font-base=""14"">与<img data-formula=""$$36x+4.8=12$$%""  font-base=""14"">的解相同，则<img data-formula=""$$2a-48$$%""  font-base=""14"">的值是52。</p>"
892,<p>0.25×（0.4÷0.25）×4的结果是0.16。</p>
893,"<p><img data-formula=""$$1.7a=2.8b$$%""  font-base=""14"">（<img data-formula=""$$a$$%""  font-base=""14"">，<img data-formula=""$$b$$%""  font-base=""14"">均不等于0），则<img data-formula=""$$a$$%""  font-base=""14"" style=""white-space: normal;"">和<img data-formula=""$$b$$%""  font-base=""14"" style=""white-space: normal;"">的关系是（&nbsp; ）。</p>"
894,"<p>下面比较大小错误的是（&nbsp; ）。</p><p><br></p><p></p>"
895,"<p>有两个三位小数，它们“四舍五入”后都是2.58，这两个小数的差最大是（&nbsp; ）。</p>"
896,"<p><img data-formula=""$$5.4\times 6.2+5.4\times 3.8=5.4\times (6.2+3.8)$$%""  font-base=""14"">，应用了（&nbsp; ）。</p><p></p>"
897,"<p>下面各式的结果大于1的是（&nbsp; ）。</p>"
898,"<p><img data-formula=""$$x$$%""  font-base=""14"">除以8的商比5大3，列成方程是（&nbsp; ）。</p>"
899,"<p>（&nbsp; ）的两个三角形一定能拼成一个平行四边形。</p>"
900,"<p>有一条（&nbsp; ）的长度是15厘米。</p><p><br></p><p></p>"
902,"<p>张强骑自行车的速度是250米/分。照此计算，他1小时所行的路程为（&nbsp; ）。</p><p><br></p><p></p>"
904,<p>在读“500708090”时，要读出四个0。</p>
906,<p>一间教室的面积约为50平方米，那么20间这样的教室总面积约为1公顷。</p>
907,<p>一个因数扩大到原来的10倍，另一个因数也扩大到原来的10倍，那么积也扩大到原来的10倍。</p>
909,"<p>凌晨3时，钟面上的时针和分针（&nbsp; ）。</p><p><br></p>"
910,"<p>一张长方形的纸沿同一条边对折两次后展开，三条折痕（&nbsp; ）。</p><p><br></p>"
912,<p>两条直线相交的交点叫做垂足。</p>
914,<p>在同一平面内有两条直线都垂直于同一条直线，那么这两条直线也互相垂直。</p>
915,<p>在同一平面内有两条直线都平行于同一条直线，那么这两条直线也互相平行。</p>
916,<p>在同一个平面内，能画出无数条已知直线的垂线。</p>
918,<p>数学课本的下边与右边是互相平行的。</p>
920,"<p>下面实物中，（&nbsp; ）上没有平行线。</p><p><br></p><p></p>"
921,"<p>下面不是一对互相垂直的线的是（&nbsp; ）。</p><p><br></p><p></p>"
922,"<p>下面说法中，（&nbsp; ）不符合平行四边形的特征。</p><p><br></p><p></p>"
923,"<p>用四根小棒摆一个平行四边形，那么下列说法不正确的是（&nbsp; ）。</p><p><br></p><p></p>"
925,<p>三角形和平行四边形都具有稳定性。</p>
926,<p>两个直角三角形一定可以拼成一个平行四边形。</p>
930,<p>用两个完全一样的梯形，可以拼成一个平行四边形。</p>
931,"<p>电动伸缩门就是利用了平行四边形（&nbsp; ）的特点。</p><p><br></p><p></p>"
932,"<p>两个完全一样的平行四边形拼在一起，可以拼成（&nbsp; ）。</p><p><br></p><p></p>"
934,"<p>三角形、平行四边形和梯形的高是（&nbsp; ）。</p><p><br></p><p></p>"
935,"<p>一个等腰梯形：上底长3米、下底长5米、腰长4米。这个等腰梯形的周长是（&nbsp; ）米。</p><p><br></p><p></p>"
936,"<p>两个完全一样的三角形一定可以拼成一个（&nbsp; ）。</p><p><br></p><p></p>"
937,"<p>梯形中最多有（&nbsp; ）个直角。</p><p><br></p>"
939,<p>在同一个平面内，过直线外一点可以画无数条直线与已知直线平行。</p>
940,<p>当钟面上显示12时15分，时针与分针互相垂直。</p>
943,"<p>两数相除的商是15，如果被除数除以3，除数不变，那么商是（&nbsp; ）。</p><p><br></p><p></p>"
944,"<p>被除数和除数同时乘10，商（&nbsp; ）。</p><p><br></p><p></p>"
945,"<p>一个除法算式的商是28，被除数和除数都除以6后，商是（&nbsp; ）。</p><p><br></p><p></p>"
946,<p>最大的三位数除以最大的两位数，商是11。</p>
947,<p>490÷12的商是40，余数是1。</p>
949,<p>两数相除的商是6，如果被除数和除数同时乘4，商是24。</p>
950,"<p>634÷64的商是（&nbsp; ）位数。</p>"
951,"<p>一个数除以24，商是18，余数是11，这个数是（&nbsp; ）。</p><p><br></p><p></p>"
952,"<p><img data-formula=""$$6400\div 800=8$$%""  font-base=""14"">，根据商不变的规律，下面算式正确的是（&nbsp; ）。</p><p><br></p><p><br></p>"
953,"<p>下面四个算式中，商最小的算式是（&nbsp; ）。</p><p><br></p><p></p>"
954,"<p>如果<img data-formula=""$$A÷B=C$$%""  font-base=""14"">，那么<img data-formula=""$$（A÷5）÷B=$$%""  font-base=""14"">（&nbsp; ）。<br></p><p><br></p><p></p>"
956,<p>一道有余数的除法算式，余数是48，那么除数最小是45。</p>
958,<p>两个数相除，商是56，如果被除数和除数都扩大到原来的100倍，商仍是56。</p>
959,"<p>小红星期日想帮妈妈做家务：用洗衣机洗衣服要用20分钟，扫地要用6分钟，擦家具要用10分钟，晾衣服要用5分钟。经过合理安排，她做完这些事至少要花（&nbsp; ）分钟。</p><p><br></p><p></p>"
960,"<p>码头上有三艘轮船等待卸货，甲船要10小时卸空，乙船要12小时卸空，丙船要9小时卸空。因人于不足，只能一艘一艘地卸，要使三艘船的等待时间的总和最少，应该按（&nbsp; ）的顺序卸货。</p>"
961,"<p>一种锅每次只能烙2张饼，两面都要烙，每面要3分钟，烙5张饼至少要（&nbsp; ）分钟。</p><p></p>"
962,"<p>543100中的“3”表示（&nbsp; ）。</p><p><br></p>"
963,"<p>最高位是亿位的数是（&nbsp; ）。</p><p><br></p><p></p>"
964,"<p>一个城市的人口大约有430万，430万是一个（&nbsp; ）。</p><p><br></p><p></p>"
966,<p>两个不为0的因数末尾共有几个0，积的末尾至少也有几个0。</p>
967,<p>如果被除数的末尾有0，商的末尾也一定有0。</p>
969,<p>两数相除的商是8，如果被除数和除数同时乘4，商是32。</p>
970,"<p><img data-formula=""$$600÷90=60÷9=6……6$$%""  style=""max-width: 100%;""></p>"
971,"<p><img data-formula=""$$A÷16$$%""  font-base=""14"">的商一定比<img data-formula=""$$A÷24$$%""  font-base=""14"">的商大。（<img data-formula=""$$A$$%""  font-base=""14"">是一个非零的自然数）</p>"
973,"<p>嘉禾小区有25栋楼房，每栋有120户人家，小区共有（&nbsp; ）户人家。</p><p><br></p><p></p>"
974,"<p>下面算式中商是一位数的是（&nbsp; ）。</p><p><br></p>"
975,"<p><img data-formula=""$$6300÷900=7$$%""  font-base=""14"">，根据商不变的规律，下列算式正确的是（&nbsp; ）。</p><p><br></p>"
976,"<p>当除数是最大的两位数时，余数最大是（&nbsp; ）。</p><p><br></p><p></p>"
977,"<p>小红在计算除法时，把除数36写成了63，结果得到的商是36，那么正确的商是（&nbsp; ）。</p><p><br></p><p></p>"
978,"<p>小强画了一条5厘米长的（&nbsp; ）。</p><p><br></p><p></p>"
979,"<p>（&nbsp; ）比直角大而比平角小。</p><p><br></p><p></p>"
982,"<p>在一个等腰梯形中画一条线段，可以将它分割成两个完全一样的（&nbsp; ）。</p><p><br></p><p></p>"
983,<p>线段比射线短，射线比直线短。</p>
984,<p>两个锐角的和不一定比直角大。</p>
985,"<p><img data-formula=""$$15\degree$$%""  font-base=""undefined"">的角在放大10倍的放大镜下还是<img data-formula=""$$15\degree$$%""  font-base=""undefined"" style=""white-space: normal;"">的角。</p>"
987,<p>两个底相等的平行四边形拼在一起还是平行四边形。</p>
988,<p>由八十、八十万和八十亿组成的数是80008080。</p>
991,<p>408÷68的商是一位数。</p>
993,"<p>下面四个数中，读数时只读出一个0的数是（&nbsp; ）。</p><p><br></p><p></p>"
994,"<p>在<img data-formula=""$$32\degree$$%""  font-base=""undefined"">、<img data-formula=""$$110\degree$$%""  font-base=""undefined"">、<img data-formula=""$$89\degree$$%""  font-base=""undefined"">、<img data-formula=""$$90\degree$$%""  font-base=""undefined"">、<img data-formula=""$$6\degree$$%""  font-base=""undefined"">、<img data-formula=""$$91\degree$$%""  font-base=""undefined"">、<img data-formula=""$$179\degree$$%""  font-base=""undefined"">、<img data-formula=""$$180\degree$$%""  font-base=""undefined"">和<img data-formula=""$$150\degree$$%""  font-base=""undefined"">这些角中，钝角有（&nbsp; ）个。</p><p><br></p><p></p>"
995,"<p>互相垂直的两条直线可以相交成4个（&nbsp; ）。</p><p><br></p><p></p>"
996,"<p>下面四句话中，正确的是（&nbsp; ）。</p><p><br></p><p></p>"
997,<p>求一个数的几分之几是多少，用乘法计算。</p>
998,"<p>4t铁的<img data-formula=""$${1\over 5}$$%""  font-base=""undefined"">比1t棉花的<img data-formula=""$${4\over 5}$$%""  font-base=""undefined"">重。</p>"
999,"<p>1kg的<img data-formula=""$${3\over 5}$$%""  font-base=""undefined"">和3kg的<img data-formula=""$${1\over 5}$$%""  font-base=""undefined"">同样多。</p>"
1000,<p>两个真分数的积小于1，两个假分数的积大于1。</p>
1001,"<p><img data-formula=""$${7\over 9}\times {7\over 9}={7\times 7\over9\times 9}={49\over 9}$$%""  font-base=""undefined""></p>"
1002,"<p>下面算式中，（&nbsp; ）与<img data-formula=""$${4\over 9}\times 3$$%""  font-base=""undefined"">的计算结果不相同。<br></p><p></p>"
1003,"<p>用简便方法计算看<img data-formula=""$${7\over 11} \times 10+{7\over 11} \times 10$$%""  font-base=""undefined"">，应该运用（&nbsp; ）。</p><p><br></p><p></p>"
1004,"<p>一个西瓜质量的<img data-formula=""$${4\over 5}$$%""  font-base=""undefined"">与一个哈密瓜质量相等，则西瓜质量=哈密瓜质量×<img data-formula=""$${4\over 5}$$%""  font-base=""undefined""></p>"
1005,"<p>一件物品先提价<img data-formula=""$${1\over 10}$$%""  font-base=""undefined"">，再降价<img data-formula=""$${1\over 10}$$%""  font-base=""undefined"">，这时的价格比原价降低了。</p>"
1006,"<p>做一个零件需要<img data-formula=""$${3\over 20} dm^3$$%""  font-base=""14"">的钢材，<img data-formula=""$$1dm^3$$%""  font-base=""14"">的钢材最多能做7个这样的零件。</p>"
1007,<p>两个数相乘的积一定大于其中任意一个因数。</p>
1008,"<p>因为<img data-formula=""$$1\times {7\over 8} =7\times {1\over 8}$$%""  font-base=""undefined"">，所以1km的<img data-formula=""$${7\over 8}$$%""  font-base=""undefined"">与7km的<img data-formula=""$${1\over 8}$$%""  font-base=""undefined"">同样长。</p>"
1009,"<p>与<img data-formula=""$$24\times {3\over 8}$$%""  font-base=""14"">计算结果相同的算式是（&nbsp; ）。</p><p><br></p><p></p>"
1010,"<p>有两根同样长的绳子，第一根先用去<img data-formula=""$${3\over 4} m$$%""  font-base=""14"">，再用去剩下的<img data-formula=""$${3\over 4}$$%""  font-base=""undefined"" style=""white-space: normal;"">，第二根绳子先用去全长的<img data-formula=""$${3\over 4}$$%""  font-base=""undefined"" style=""white-space: normal;"">，再用去<img data-formula=""$${3\over 4} m$$%""  font-base=""14"" style=""white-space: normal;"">，两根绳子相比（&nbsp; ）。</p><p><br></p><p></p>"
1011,"<p>真分数的倒数（&nbsp; ）1。</p><p><br></p><p></p>"
1012,"<p><img data-formula=""$$a$$%""  font-base=""14"">的倒数大于<img data-formula=""$$b$$%""  font-base=""14"">的倒数，那么<img data-formula=""$$a$$%""  font-base=""14"" style=""white-space: normal;"">（&nbsp; ）<img data-formula=""$$b$$%""  font-base=""14"" style=""white-space: normal;"">。</p><p><br></p>"
1013,"<p>因为了<img data-formula=""$${3\over 8}+{5\over 8} =1$$%""  font-base=""undefined"">，所以<img data-formula=""$${3\over 8}$$%""  font-base=""undefined"" style=""white-space: normal;"">与<img data-formula=""$${5\over 8}$$%""  font-base=""undefined"" style=""white-space: normal;"">互为倒数。</p>"
1014,"<p>因为<img src=""http://gallery.fbcontent.cn/latex?decode=false&amp;latex=%24%24%7B1%5Cover%203%7D%5Ctimes%20%7B5%5Cover%202%7D%5Ctimes%20%7B6%5Cover%205%7D%20%3D1%24%24%25"">，所以<img style=""white-space: normal;"" src=""http://gallery.fbcontent.cn/latex?decode=false&amp;latex=%24%24%7B1%5Cover%203%7D%24%24%25"">、<img style=""white-space: normal;"" src=""http://gallery.fbcontent.cn/latex?decode=false&amp;latex=%24%24%7B5%5Cover%202%7D%24%24%25"">、<img src=""http://gallery.fbcontent.cn/latex?decode=false&amp;latex=%24%24%7B6%5Cover%205%7D%24%24%25"">互为倒数。</p>"
1015,"<p>因为<img data-formula=""$${5\over 9} \times {9\over 5} =1$$%""  font-base=""14""><span></span>，所以<img data-formula=""$${5\over 9}$$%""  font-base=""14"">是倒数。</p>"
1016,"<p>一个数除以<img data-formula=""$${1\over 5}$$%""  font-base=""undefined"">，相当于把这个数扩大到原来的5倍。</p>"
1018,"<p><img data-formula=""$$12÷{5\over 6} =12÷5×6$$%""  font-base=""undefined""></p><p></p>"
1019,"<p>一副羽毛球拍和一盒羽毛球共72元，一盒羽毛球的价钱是一副羽毛球拍的<img data-formula=""$${1\over 8}$$%""  font-base=""undefined"">，一副羽毛球拍多少钱？设一副羽毛球拍<img data-formula=""$$x$$%""  font-base=""14"">元，列方程为（&nbsp; ）。</p>"
1020,"<p>将一批帐篷和棉被共350件运往灾区，帐篷数量是棉被数量的<img data-formula=""$${2\over 3}$$%"" style=""white-space: normal; max-width: 100%;"" >，这批帐篷和棉被分别有多少件？设（&nbsp; ），列方程为<img data-formula=""$$x+{2\over 3} x=350$$%"" style=""max-width: 100%;"" >。</p><p><br></p>"
1021,"<p>加工32个零件，由师傅单独做需要4小时，由徒弟单独做需要8小时，师徒合作需要几小时，算式是（&nbsp; ）。</p>"
1022,"<p>一个工程队7天修了这条路的<img data-formula=""$${1\over 5}$$%"" style=""max-width: 100%;"" >，这个工程队（&nbsp; ）天可以修完这条路。</p><p><br></p><p></p>"
1023,"<p>一个非零自然数除以<img data-formula=""$${1\over 8}$$%""  font-base=""undefined"">，这个数就扩大到原来的8倍。</p>"
1024,<p>A除以B，商正好是B的倒数，A是1。</p>
1025,"<p><img data-formula=""$${5\over 6} \div （{5\over 6}+{1\over 5} ）={5\over 6}\div {5\over 6}+{5\over 6}\div {1\over 5}$$%""  font-base=""undefined""></p>"
1026,"<p>水结成冰后，体积增加<img data-formula=""$${1\over 9}$$%"" style=""max-width: 100%;"" >，则冰融化成水后，体积减小<img data-formula=""$${1\over 9}$$%"" style=""white-space: normal; max-width: 100%;"" >。</p>"
1027,"<p><img data-formula=""$${9\over 10}$$%""  font-base=""undefined"">除以它的倒数，商是（&nbsp; ）。</p><p><br></p><p></p>"
1028,"<p>一堆煤的<img data-formula=""$${3\over 7}$$%"" style=""max-width: 100%;"" >是12t，这堆煤重（&nbsp; ）t。</p><p></p>"
1029,"<p>下面算式中结果最大的是（&nbsp; ）。</p>"
1030,"<p>加工一批零件，第一车间单独做需11小时，如果第一车间加工这批零件的一半，需（&nbsp; ）小时。</p>"
1031,"<p>一个大于0的数除以（&nbsp; ）所得的商比被除数大。</p><p><br></p><p></p>"
1032,"<p>如果<img data-formula=""$$a: b=3: 4$$%""  font-base=""14"">，那么<img data-formula=""$$a=3$$%""  font-base=""14"">，<img data-formula=""$$b=4$$%""  font-base=""14"">。</p>"
1033,"<p>希望小学校园足球比赛的比分是<img data-formula=""$$1: 0$$%""  font-base=""14"">，<span><img data-formula=""$$1: 0$$%""  font-base=""14"" style=""white-space: normal;""></span>是一个比。</p>"
1034,"<p>化简比：<img data-formula=""$$4: 0.5=（4×10）: （0.5×10）=40: 5=8$$%""  font-base=""14"" style=""white-space: normal;"">。</p>"
1035,"<p><img data-formula=""$$a÷b=4$$%""  font-base=""14"">，<img data-formula=""$$a$$%""  font-base=""14"">与<img data-formula=""$$b$$%""  font-base=""14"">的比是<img data-formula=""$$4: 1$$%""  font-base=""undefined"">。</p>"
1037,"<p>男生人数占全班人数的<img data-formula=""$${4\over 7}$$%""  font-base=""undefined"">，则男生和女生人数的比是<img data-formula=""$$4: 7$$%""  font-base=""undefined"">。</p>"
1038,"<p>爸爸带180元钱上街买东西，用去的钱与余下的钱的比是<img data-formula=""$$2: 7$$%""  font-base=""undefined"">，爸爸用去了（&nbsp; ）元。</p><p><br></p><p></p>"
1039,"<p>等腰三角形的顶角与一个底角度数之比是<img data-formula=""$$1: 2$$%""  font-base=""undefined"">，那么顶角是（&nbsp; ）。</p><p><br></p><p></p>"
1040,"<p><img data-formula=""$$0.63: 9=7: 1$$%""  font-base=""14"">。</p>"
1041,"<p>两个正方体的棱长之比是<img data-formula=""$$1: 3$$%""  font-base=""undefined"">，则它们的体积之比是<img data-formula=""$$1: 27$$%""  font-base=""undefined"" style=""white-space: normal;"">。</p>"
1042,"<p><span>小丽与爸爸的身高比是<img data-formula=""$$3: 4$$%""  font-base=""14"">，爸爸的身高是小丽的</span><img data-formula=""$${4\over 3}$$%""  font-base=""undefined"" style=""white-space: normal;""><span>。</span></p>"
1043,"<p>六（1）班男、女生人数比是<img data-formula=""$$5: 4$$%""  font-base=""14"">，男生比女生多<img data-formula=""$${1\over 5}$$%""  font-base=""undefined"">。</p>"
1044,"<p><img data-formula=""$$4: 5$$%""  font-base=""undefined"">的前项加上4，后项应（&nbsp; ），比值不变。</p><p><br></p><p></p>"
1045,"<p>打一份稿件，甲用4小时，乙用3小时，甲、乙两人的工作效率比是（&nbsp; ）。</p><p><br></p><p></p>"
1046,"<p>两个正方体棱长分别是<img data-formula=""$$1cm$$%""  font-base=""14"">、<img data-formula=""$$3cm$$%""  font-base=""14"">，那么它们的体积比是（&nbsp; ）。</p><p><br></p><p></p>"
1047,<p>自然数（0除外）的倒数都是真分数。</p>
1048,"<p>甲数的<img data-formula=""$${2\over 5}$$%"" style=""max-width: 100%;"" >是乙数，是把乙数看作单位“1”。</p>"
1049,"<p><img data-formula=""$$3m$$%""  font-base=""14"">的<img data-formula=""$${1\over 6}$$%""  font-base=""undefined"" style=""white-space: normal;"">与<img data-formula=""$${1\over 6}$$%""  font-base=""undefined""><img data-formula=""$$m$$%""  font-base=""14"">的<img data-formula=""$$3$$%""  font-base=""14"">倍长度相同。</p>"
1051,"<p>比值是0.5的比只有<img data-formula=""$$1: 2$$%""  font-base=""undefined"">。</p>"
1052,"<p>东偏南<img data-formula=""$$45\degree$$%""  style=""max-width: 100%;"">方向与西偏北<img data-formula=""$$45\degree$$%"" style=""white-space: normal; max-width: 100%;"" >方向相同。</p>"
1053,"<p>当<img data-formula=""$$x$$%""  font-base=""14"">（&nbsp; ）时，<img data-formula=""$${11\over12}\times {x\over 5} >{11\over 12}$$%""  font-base=""undefined""></p><p></p>"
1054,"<p>长方形的长是20m，宽是长的<img data-formula=""$${3\over 5}$$%""  font-base=""undefined"">，它的面积是多少？列式为（&nbsp; ）。</p>"
1055,"<p>比的前项扩大到原来的2倍，后项不变，比值（&nbsp; ）。</p><p><br></p><p></p>"
1056,"<p>高速动车到达济南站，先下去车里人数的<img data-formula=""$${1\over 6}$$%"" style=""max-width: 100%;"" >，又上来车里人数的<img data-formula=""$${1\over 6}$$%"" style=""white-space: normal; max-width: 100%;"" >，这时车里人数（&nbsp; ）。</p><p><br></p><p></p>"
1058,<p>圆内最长的线段是直径。</p>
1059,<p>平行四边形和圆都是轴对称图形。</p>
1060,<p>所有半径都相等，所有直径都相等。</p>
1061,"<p>圆周率<img data-formula=""$$\pi $$%""  font-base=""14"">（&nbsp; ）3.14。</p><p><br></p><p></p>"
1062,"<p>求自行车车轮转动一周前进多少米，就是求车轮的（&nbsp; ）。</p><p><br></p>"
1063,"<p>小圆的直径和大圆的半径都是<img data-formula=""$$6cm$$%""  font-base=""14"" style=""white-space: normal;"">，小圆周长是大圆周长的（&nbsp; ）。</p>"
1064,<p>一个半圆的周长等于这个圆周长的一半。</p>
1066,<p>一元硬币的圆周率比1角硬币的圆周率大。</p>
1067,<p>直径相等的两个圆的周长一定也相等。</p>
1068,"<p>圆的半径是<img data-formula=""$$2dm$$%""  font-base=""14"">，它的周长和面积相等。</p>"
1069,<p>两个圆的周长相等，它们的面积一定相等。</p>
1070,<p>一个圆的半径扩大到原来的2倍，面积也扩大到原来的2倍。</p>
1071,"<p>大圆的半径与小圆直径相等，小圆面积是大圆面积的<img data-formula=""$${1\over 4}$$%""  font-base=""undefined"">。</p>"
1072,"<p>小圆的直径和大圆的半径都是<img data-formula=""$$3cm$$%""  font-base=""14"">，小圆面积是大圆面积的（&nbsp; ）。</p>"
1073,"<p>周长相等的正方形和圆，（&nbsp; ）的面积大。</p><p></p>"
1074,"<p>圆的半径由<img data-formula=""$$5dm$$%""  font-base=""14"">增加到<img data-formula=""$$7dm$$%""  font-base=""14"">，圆的面积增加了（&nbsp; ）<img data-formula=""$$dm^2$$%""  font-base=""14"">。</p>"
1075,<p>圆的半径越大，面积就越大。</p>
1076,"<p>圆的直径缩小到它的<img data-formula=""$${1\over 4}$$%""  font-base=""undefined"">，面积也缩小到它的<img data-formula=""$${1\over 4}$$%""  font-base=""undefined"" style=""white-space: normal;"">。</p>"
1078,<p>在一个大圆内剪去一个小圆就形成了一个圆环。</p>
1079,"<p>两个圆的直径相差<img data-formula=""$$1dm$$%""  font-base=""14"">，它们的周长也相差<img data-formula=""$$1dm$$%""  font-base=""14"" style=""white-space: normal;"">。</p>"
1080,<p>圆是一种轴对称图形，圆的直径就是它的对称轴。</p>
1081,<p>半径为3cm的圆，它的周长比面积小。</p>
1082,"<p>钟表上，分针和时针走过的轨迹都是一个圆，这两个圆（&nbsp; ）。</p><p><br></p><p></p>"
1084,"<p>一个半圆的周长是<img data-formula=""$$25.7cm$$%""  font-base=""14"">，这个半圆的面积是（&nbsp; ）<img data-formula=""$$cm^2$$%""  font-base=""14"">。</p><p><br></p><p></p>"
1085,<p>圆内半径的条数是直径的2倍。</p>
1086,<p>直径越大，圆周长越大，直径越小，圆周长越小。</p>
1087,<p>车轮滚动一周所行驶的路程等于车轮的周长。</p>
1088,<p>任意一个圆都有无数条对称轴。</p>
1089,"<p>阳光小学六年级男生人数占六年级学生总数的<img data-formula=""$$53\% $$%""  font-base=""undefined"">，五年级男生人数占五年级学生总数的<img data-formula=""$$51\% $$%""  font-base=""undefined"">，六年级男生比五年级男生多。</p>"
1090,"<p>把<img data-formula=""$$1kg$$%""  font-base=""14"">糖平均分成100份，每份是<img data-formula=""$$1\% $$%""  font-base=""undefined""><img data-formula=""$$kg$$%""  font-base=""14"">。</p>"
1091,<p>百分数可能比1大。</p>
1092,"<p>保健科给全校学生检查视力，上午检查完<img data-formula=""$$45\% $$%""  font-base=""undefined"">，下午又检查完剩下学生的<img data-formula=""$$55\% $$%""  font-base=""undefined"">，这一天就给全校学生都检查完了。</p>"
1093,"<p><img data-formula=""$$0.93=9.3\% $$%""  font-base=""undefined""></p>"
1094,"<p><img data-formula=""$$0.65m$$%""  font-base=""14"">可以改写成<img data-formula=""$$65\%  m$$%""  font-base=""14"">。</p>"
1095,"<p>李师傅加工的零件合格率达<img data-formula=""$$101\% $$%""  font-base=""undefined"">。</p>"
1096,"<p>把<img data-formula=""$$32.5\% $$%""  font-base=""undefined"">的百分号去掉，结果（&nbsp; ）。</p><p><br></p><p></p>"
1097,"<p>0.215里面有（ ）个<img data-formula=""$$1\% $$%""  font-base=""undefined"">。</p><p><br></p><p></p>"
1098,"<p>一个垃圾处理厂平均每天收到生活垃圾<img data-formula=""$$40t$$%""  font-base=""14"" style=""white-space: normal;"">，其中可回收利用的垃圾占<img data-formula=""$$40\% $$%""  font-base=""undefined"">，这个垃圾处理厂平均每天收到可回收垃圾（&nbsp; ）<img data-formula=""$$t$$%""  font-base=""14"">。</p><p><br></p><p></p>"
1099,"<p>国内汽油价格实行与国际油价接轨制，如果汽油价格先增长<img data-formula=""$$2\% $$%"" style=""max-width: 100%;"" >，再减少<img data-formula=""$$2\% $$%"" style=""max-width: 100%;"" >，说明汽油价格没变。</p>"
1100,"<p>昨天比前天平均气温升高<img data-formula=""$$5\% $$%"" style=""max-width: 100%;"" >，今天比昨天平均气温升高<img data-formula=""$$5\% $$%"" style=""white-space: normal; max-width: 100%;"" >，今天比前天平均气温升高<img data-formula=""$$10\% $$%"" style=""max-width: 100%;"" >。</p>"
1101,"<p>任何百分数都不能超过<img data-formula=""$$100\% $$%""  font-base=""undefined"">。</p>"
1102,<p>百分数既能表示两个量之间的关系，也能表示一个具体的量。</p>
1103,"<p>生产102个轮胎，2个不合格，合格率是<img data-formula=""$$100\% $$%""  font-base=""undefined"">。</p>"
1104,"<p>甲数比乙数多<img data-formula=""$$25\% $$%""  font-base=""undefined"">，乙数就比甲数少<img data-formula=""$$25\% $$%""  font-base=""undefined"" style=""white-space: normal;"">。</p>"
1105,"<p>含盐率为<img data-formula=""$$0.8\% $$%""  font-base=""undefined"">，表示盐占水的<img data-formula=""$$0.8\% $$%""  font-base=""undefined"" style=""white-space: normal;"">。</p>"
1106,"<p>把<img data-formula=""$${1\over 6}$$%""  font-base=""undefined"">化成百分数约是（&nbsp; ）。</p><p><br></p><p></p>"
1107,"<p>如果<img data-formula=""$$m$$%""  font-base=""14"">的<img data-formula=""$${1\over 5}$$%""  font-base=""undefined"">等于<img data-formula=""$$n$$%""  font-base=""14"">的<img data-formula=""$$25\% $$%""  font-base=""undefined"">（<img data-formula=""$$m$$%""  font-base=""14"">，<img data-formula=""$$n$$%""  font-base=""14"">均不为0），那么（&nbsp; ）。</p><p><br></p>"
1108,"<p><img data-formula=""$$100m^2$$%""  font-base=""undefined"">相当于1公顷的<img data-formula=""$$1\% $$%""  font-base=""undefined"">。</p>"
1109,"<p><img data-formula=""$${7\over 100}$$%""  font-base=""undefined"">，<img data-formula=""$$7\% $$%""  font-base=""undefined"">都是百分数。</p>"
1110,"<p><span>因为</span><img data-formula=""$${3\over 5} =0.6=60\%$$%""  font-base=""undefined"">，所以<img data-formula=""$${3\over 5}$$%""  font-base=""undefined"" style=""white-space: normal;""><img data-formula=""$$时=0.6时=60\% 时$$%""  font-base=""14"">。</p><p><br></p><p></p>"
1111,"<p>一款U盘，先涨价<img data-formula=""$$5\% $$%"" style=""max-width: 100%;"" >，又降价<img data-formula=""$$5\% $$%"" style=""max-width: 100%;"" >，现在这款U盘的价格还是原价。</p>"
1112,"<p>下面各选项中的数能用百分数表示的是（&nbsp; ）。</p>"
1113,"<p>一个正方形的边长增加<img data-formula=""$$10\% $$%"" style=""max-width: 100%;"" >，它的面积增加（&nbsp; ）。</p><p><br></p><p></p>"
1114,"<p>扇形统计图表示（&nbsp; ）。<br></p><p><br></p><p></p>"
1115,<p>反映男、女生人数占全校学生总人数的百分之几用条形统计图。</p>
1116,<p>股市通常用折线统计图反映某些数据的变化情况。</p>
1117,<p>李欣选用扇形统计图表示一年级各班人数的多少。</p>
1118,"<p>把25g糖放入100g水中，糖水的浓度是（&nbsp; ）。</p>"
1119,"<p>一件商品原价125元，先涨价<img data-formula=""$${1\over10}$$%""  font-base=""undefined"">后，再降价<b><span><span><img data-formula=""$${1\over10}$$%""  font-base=""undefined"" style=""white-space: normal;""></span></span></b>，现价比原价（&nbsp; ）。</p><p><br></p><p></p>"
1120,"<p>为稳定物价，增加农副产品供应量，富民超市新进大葱1800kg，是新进生姜的<img data-formula=""$${2\over3}$$%""  font-base=""undefined"">，新进大蒜的量是新进生姜的<img data-formula=""$${3\over5}$$%""  font-base=""undefined"">，超市新进大蒜多少千克？正确的列式为（&nbsp; ）。</p><p><br></p><p></p>"
1121,"<p><img data-formula=""$$5: 9$$%""  font-base=""14"">中的前项加15，要使比值不变，比的后项应加上（&nbsp; ）。</p><p><br></p><p></p>"
1122,"<p>一个长方形的周长为<img data-formula=""$$54m$$%""  font-base=""14"">，它的长与宽的比是<img data-formula=""$$5: 4$$%""  font-base=""14"">，这个长方形的面积是（&nbsp; ）<img data-formula=""$$m^2$$%""  font-base=""14"">。</p><p><br></p><p></p>"
1123,"<p>一个比的比值是2.25，这个比的最简整数比是（&nbsp; ）。</p><p><br></p><p></p>"
1124,"<p>某玩具厂生产一种玩具汽车，成本降低15元后，一辆玩具汽车的成本为25元，降低了（&nbsp; ）。</p><p><br></p><p></p>"
1125,"<p>直径是<img data-formula=""$$6cm$$%""  font-base=""14"">的半圆的周长是（&nbsp; ）<img data-formula=""$$cm$$%""  font-base=""14"">。</p><p><br></p><p></p>"
1126,"<p>下面图形中，（&nbsp; ）可能不是轴对称图形。</p><p><br></p><p></p>"
1128,"<p>一个圆环，外圆半径是内圆半径的2倍，这个圆环的面积和内圆的面积之比是（&nbsp; ）。</p>"
1129,"<p><span>在边长是</span><img data-formula=""$$10cm$$%""  font-base=""14"" style=""white-space: normal;""><span>的正方形内画一个最大的圆，圆的面积占正方形面积的（&nbsp; ）。</span></p>"
1130,"<p>一条路长<img data-formula=""$$3km$$%""  font-base=""14"">，修了<img data-formula=""$${2\over 3}$$%""  font-base=""undefined"" style=""white-space: normal;"">，还剩<img data-formula=""$${1\over 3}$$%""  font-base=""undefined""><img data-formula=""$$km$$%""  font-base=""14"">。</p>"
1131,"<p>一种商品先提价<img data-formula=""$$12.5\% $$%"" style=""max-width: 100%;"" >，再降价<img data-formula=""$${1\over 8}$$%"" style=""max-width: 100%;"" >，现价与原价不相等。</p>"
1133,<p>把一个周长是1256cm的圆分成2个半圆，每个半圆的周长是628cm。</p>
1134,"<p><img data-formula=""$${5\over6}$$%""  font-base=""undefined""><img data-formula=""$$时: 25分$$%""  font-base=""14"">化成最简整数比是<img data-formula=""$$2: 1$$%""  font-base=""14"">。</p>"
1135,"<p><img data-formula=""$$20g$$%""  font-base=""14"">盐水中有<img data-formula=""$$2g$$%""  font-base=""14"">盐，那么盐和水的质量比是（&nbsp; ）。</p><p><br></p><p></p>"
1136,"<p>两根铁丝长都为<img data-formula=""$$2m$$%""  font-base=""14"">，从第一根上截去它的<img data-formula=""$${1\over 4}$$%""  font-base=""undefined"">，从第二根上截去<img data-formula=""$${1\over 4}$$%""  font-base=""undefined"" style=""white-space: normal;""><img data-formula=""$$m$$%""  font-base=""14"">，余下的部分（&nbsp; ）。</p><p><br></p><p></p>"
1137,"<p>要更清楚地了解各部分数量同总数量之间的关系，应该选用（&nbsp; ）。</p><p><br></p><p></p>"
1138,"<p>用一块长<img data-formula=""$$24cm$$%""  font-base=""14"">、宽<img data-formula=""$$14cm$$%""  font-base=""14"">的铁皮剪半径为<img data-formula=""$$3cm$$%""  font-base=""14"">的圆，最多可剪（&nbsp; ）个。</p>"
1139,"<p>在体育达标测试中，一班和二班同学都有2人不达标，达标率高的班是（&nbsp; ）。</p>"
1140,"<p>小军在教室的位置用数对表示是<img data-formula=""$$（4，6）$$%""  font-base=""14"">，他的前面有（&nbsp; ）位同学。</p><p><br></p>"
1141,"<p>点A的位置是<img data-formula=""$$（5，7）$$%""  font-base=""14"">，点B的位置是<img data-formula=""$$（6，9）$$%""  font-base=""14"">，点C与A在同一列，点C与B在同一行，那么点C的位置是（&nbsp; ）。</p><p><br></p><p></p>"
1142,"<p>王鹏坐在教室的第4列第4排，用数对<img data-formula=""$$（4，4）$$%""  font-base=""14"">表示，下面数对（&nbsp; ）所表示的位置离王鹏最近。</p><p><br></p><p></p>"
1143,<p>两个数（都不为0）相除，如果除数大于被除数，那么商就小于1。</p>
1144,<p>整数运算顺序和运算定律对小数同样适用。</p>
1145,"<p><img data-formula=""$$3.6\div 1.1=36\div 11=3 \cdots\cdots 3$$%""  style=""max-width: 100%;""></p>"
1146,"<p><img data-formula=""$$3.4\div 1.1=34\div 11=3 \cdots\cdots 1$$%""  style=""max-width: 100%;""></p>"
1148,<p>3.5999保留三位小数是3.600。</p>
1149,"<p>我们常用的时间单位有（ ）。</p><p></p>"
1150,"<p>下列算式中，得数最小的是（&nbsp; ）。</p><p><br></p><p></p>"
1151,"<p>商的整数部分是2的算式是（&nbsp; ）。</p><p><br></p><p></p>"
1152,"<p>在操场跑一圈要3（ ）。</p><p></p>"
1153,<p>36分钟=（）时</p><p><br></p>
1154,"<p>半小时就是（ ）。</p><p></p>"
1155,<p>与0.375÷2.5得数相同的算式是（）。</p>
1156,"<p>当13.88÷0.72的商是整数时，余数是（ ）。</p><p><br></p>"
1158,"<p>火车下午3:00出发，路上用了4小时20分钟，晚上（ ）到达。</p>"
1159,<p>盒子中有10个白球、1个黄球，从中随意摸出一个球，如果是黄球，龙一鸣赢；如果是白球，依依赢。那么依依一定赢。</p><p></p>
1160,<p>箱子里只要有红球，就有可能摸到红球。</p>
1161,<p>袋子里装有1000个白球和1个黑球，从中随意摸出一个球，有可能摸出的是黑球。</p>
1162,"<p>小明和小丽做同样的10道数学题，小明用了10分钟，小丽用了12分钟30秒，则（ ）。</p><p></p>"
1163,"<p>口袋里有20个大小相同的球，其中12个红球、2个黄球、6个花球，任意摸出一个球，有（&nbsp; ）种可能。</p><p><br></p>"
1164,"<p>小数乘小数，积（&nbsp; ）是整数。</p><p><br></p><p></p>"
1165,"<p>口袋里有5块红色橡皮、3块黄色橡皮，橡皮的形状、大小相同，从中任意摸一块橡皮，如果要使摸到黄色橡皮的可能性大，至少要往袋中放入（&nbsp; ）块黄色橡皮。</p><p><br></p><p></p>"
1166,"<p>在加法算式中，和（&nbsp; ）任何一个加数。</p><p></p>"
1167,"<p>从2、5、8三张数字卡片中任意抽出两张，组成一个两位数，这个两位数是单数的可能性与是双数的可能性相比，（&nbsp; ）。</p><p><br></p><p></p>"
1168,"<p>430比70多（ ）。</p><p></p>"
1169,<p>0.999×1.03的积大于0.999小于1.03。</p>
1170,"<p>比最小的三位数多300的数是（ ）。</p><p></p>"
1171,<p>无限小数都是循环小数。</p><p></p>
1172,"<p><img data-formula=""$$4.6×7.8÷4.6×7.8=1$$%""  font-base=""undefined""></p>"
1173,"<p><img data-formula=""$$261+149$$%""  style=""max-width: 100%;"">的和大约是（ ）。</p>"
1174,<p>数对（4，2）和（2，4）表示的是同一位置。</p>
